article_id,case_dir,effective_artifact_source,effective_artifact_root,effective_artifact_file_count,effective_artifact_size_mb,figshare_file_count,osf_file_count,github_file_count,has_figshare,has_osf,has_github,manual_all_found,has_manual_replacement
s41597-019-0035-4,/mydata/doc2validate/gold_benchmarks/scidata_selected_50_v1/s41597-019-0035-4,figshare,/mydata/doc2validate/gold_benchmarks/scidata_selected_50_v1/s41597-019-0035-4/artifact/figshare,7,425.6963872909546,7,0,23,True,False,True,True,True
s41597-020-00688-8,/mydata/doc2validate/gold_benchmarks/scidata_selected_50_v1/s41597-020-00688-8,figshare,/mydata/doc2validate/gold_benchmarks/scidata_selected_50_v1/s41597-020-00688-8/artifact/figshare,4,5.436454772949219,4,0,2238,True,False,True,True,True
s41597-020-00788-5,/mydata/doc2validate/gold_benchmarks/scidata_selected_50_v1/s41597-020-00788-5,github,/mydata/doc2validate/gold_benchmarks/scidata_selected_50_v1/s41597-020-00788-5/artifact/github,25,4.439278602600098,0,0,25,False,False,True,True,False
s41597-021-01069-5,/mydata/doc2validate/gold_benchmarks/scidata_selected_50_v1/s41597-021-01069-5,github,/mydata/doc2validate/gold_benchmarks/scidata_selected_50_v1/s41597-021-01069-5/artifact/github,78,86.94628143310547,0,0,78,False,False,True,True,False
s41597-022-01146-3,/mydata/doc2validate/gold_benchmarks/scidata_selected_50_v1/s41597-022-01146-3,github,/mydata/doc2validate/gold_benchmarks/scidata_selected_50_v1/s41597-022-01146-3/artifact/github,993,175.44111824035645,0,0,993,False,False,True,True,False
s41597-022-01473-5,/mydata/doc2validate/gold_benchmarks/scidata_selected_50_v1/s41597-022-01473-5,github,/mydata/doc2validate/gold_benchmarks/scidata_selected_50_v1/s41597-022-01473-5/artifact/github,8,18.747835159301758,0,0,8,False,False,True,True,False
s41597-022-01696-6,/mydata/doc2validate/gold_benchmarks/scidata_selected_50_v1/s41597-022-01696-6,figshare,/mydata/doc2validate/gold_benchmarks/scidata_selected_50_v1/s41597-022-01696-6/artifact/figshare,6,157.36686515808105,6,0,31,True,False,True,True,True
s41597-023-02060-y,/mydata/doc2validate/gold_benchmarks/scidata_selected_50_v1/s41597-023-02060-y,github,/mydata/doc2validate/gold_benchmarks/scidata_selected_50_v1/s41597-023-02060-y/artifact/github,120,338.3884525299072,0,0,120,False,False,True,True,False
s41597-023-02070-w,/mydata/doc2validate/gold_benchmarks/scidata_selected_50_v1/s41597-023-02070-w,figshare,/mydata/doc2validate/gold_benchmarks/scidata_selected_50_v1/s41597-023-02070-w/artifact/figshare,4,3.37709903717041,4,0,15,True,False,True,True,True
s41597-023-02094-2,/mydata/doc2validate/gold_benchmarks/scidata_selected_50_v1/s41597-023-02094-2,figshare,/mydata/doc2validate/gold_benchmarks/scidata_selected_50_v1/s41597-023-02094-2/artifact/figshare,3,638.4292001724243,3,0,4,True,False,True,True,True
s41597-023-02576-3,/mydata/doc2validate/gold_benchmarks/scidata_selected_50_v1/s41597-023-02576-3,github,/mydata/doc2validate/gold_benchmarks/scidata_selected_50_v1/s41597-023-02576-3/artifact/github,441,54.67322254180908,0,0,441,False,False,True,True,False
s41597-023-02717-8,/mydata/doc2validate/gold_benchmarks/scidata_selected_50_v1/s41597-023-02717-8,figshare,/mydata/doc2validate/gold_benchmarks/scidata_selected_50_v1/s41597-023-02717-8/artifact/figshare,55,2.594888687133789,55,0,57,True,False,True,True,True
s41597-024-03120-7,/mydata/doc2validate/gold_benchmarks/scidata_selected_50_v1/s41597-024-03120-7,github,/mydata/doc2validate/gold_benchmarks/scidata_selected_50_v1/s41597-024-03120-7/artifact/github,428,741.4895334243774,0,0,428,False,False,True,False,True
sdata2018310,/mydata/doc2validate/gold_benchmarks/scidata_selected_50_v1/sdata2018310,figshare,/mydata/doc2validate/gold_benchmarks/scidata_selected_50_v1/sdata2018310/artifact/figshare,8310,29.889400482177734,8310,0,8311,True,False,True,True,True
s41597-020-00676-y,/mydata/doc2validate/gold_benchmarks/scidata_selected_50_v1/s41597-020-00676-y,github,/mydata/doc2validate/gold_benchmarks/scidata_selected_50_v1/s41597-020-00676-y/artifact/github,22,12.343530654907227,0,0,22,False,False,True,True,False
s41597-020-00682-0,/mydata/doc2validate/gold_benchmarks/scidata_selected_50_v1/s41597-020-00682-0,github,/mydata/doc2validate/gold_benchmarks/scidata_selected_50_v1/s41597-020-00682-0/artifact/github,83,195.95584869384766,0,0,83,False,False,True,True,False
s41597-021-00844-8,/mydata/doc2validate/gold_benchmarks/scidata_selected_50_v1/s41597-021-00844-8,figshare,/mydata/doc2validate/gold_benchmarks/scidata_selected_50_v1/s41597-021-00844-8/artifact/figshare,3,26.655442237854004,3,0,22,True,False,True,True,True
s41597-022-01850-0,/mydata/doc2validate/gold_benchmarks/scidata_selected_50_v1/s41597-022-01850-0,github,/mydata/doc2validate/gold_benchmarks/scidata_selected_50_v1/s41597-022-01850-0/artifact/github,37,10.960122108459473,0,0,37,False,False,True,True,False
s41597-020-00609-9,/mydata/doc2validate/gold_benchmarks/scidata_selected_50_v1/s41597-020-00609-9,github,/mydata/doc2validate/gold_benchmarks/scidata_selected_50_v1/s41597-020-00609-9/artifact/github,34,37.267581939697266,0,0,34,False,False,True,True,False
s41597-023-01947-0,/mydata/doc2validate/gold_benchmarks/scidata_selected_50_v1/s41597-023-01947-0,github,/mydata/doc2validate/gold_benchmarks/scidata_selected_50_v1/s41597-023-01947-0/artifact/github,88,57.95155715942383,0,0,88,False,False,True,True,False
s41597-023-02310-z,/mydata/doc2validate/gold_benchmarks/scidata_selected_50_v1/s41597-023-02310-z,osf,/mydata/doc2validate/gold_benchmarks/scidata_selected_50_v1/s41597-023-02310-z/artifact/osf,11,38.533573150634766,0,11,22,False,True,True,True,True
s41597-020-0455-1,/mydata/doc2validate/gold_benchmarks/scidata_selected_50_v1/s41597-020-0455-1,github,/mydata/doc2validate/gold_benchmarks/scidata_selected_50_v1/s41597-020-0455-1/artifact/github,27,151.83355712890625,0,0,27,False,False,True,True,False
s41597-020-00610-2,/mydata/doc2validate/gold_benchmarks/scidata_selected_50_v1/s41597-020-00610-2,github,/mydata/doc2validate/gold_benchmarks/scidata_selected_50_v1/s41597-020-00610-2/artifact/github,10,13.142114639282227,0,0,10,False,False,True,True,False
s41597-020-00712-x,/mydata/doc2validate/gold_benchmarks/scidata_selected_50_v1/s41597-020-00712-x,github,/mydata/doc2validate/gold_benchmarks/scidata_selected_50_v1/s41597-020-00712-x/artifact/github,95,138.17445945739746,0,0,95,False,False,True,True,False
s41597-020-00757-y,/mydata/doc2validate/gold_benchmarks/scidata_selected_50_v1/s41597-020-00757-y,github,/mydata/doc2validate/gold_benchmarks/scidata_selected_50_v1/s41597-020-00757-y/artifact/github,13,64.88597774505615,0,0,13,False,False,True,True,False
s41597-021-00816-y,/mydata/doc2validate/gold_benchmarks/scidata_selected_50_v1/s41597-021-00816-y,github,/mydata/doc2validate/gold_benchmarks/scidata_selected_50_v1/s41597-021-00816-y/artifact/github,252,40.289011001586914,0,0,252,False,False,True,True,False
s41597-022-01141-8,/mydata/doc2validate/gold_benchmarks/scidata_selected_50_v1/s41597-022-01141-8,github,/mydata/doc2validate/gold_benchmarks/scidata_selected_50_v1/s41597-022-01141-8/artifact/github,22,10.118425369262695,0,0,22,False,False,True,True,False
s41597-022-01255-z,/mydata/doc2validate/gold_benchmarks/scidata_selected_50_v1/s41597-022-01255-z,github,/mydata/doc2validate/gold_benchmarks/scidata_selected_50_v1/s41597-022-01255-z/artifact/github,13,1.6750001907348633,0,0,13,False,False,True,True,False
s41597-022-01432-0,/mydata/doc2validate/gold_benchmarks/scidata_selected_50_v1/s41597-022-01432-0,github,/mydata/doc2validate/gold_benchmarks/scidata_selected_50_v1/s41597-022-01432-0/artifact/github,55,135.8397159576416,0,0,55,False,False,True,True,False
s41597-022-01437-9,/mydata/doc2validate/gold_benchmarks/scidata_selected_50_v1/s41597-022-01437-9,github,/mydata/doc2validate/gold_benchmarks/scidata_selected_50_v1/s41597-022-01437-9/artifact/github,259,479.84058475494385,0,0,259,False,False,True,True,False
s41597-022-01704-9,/mydata/doc2validate/gold_benchmarks/scidata_selected_50_v1/s41597-022-01704-9,github,/mydata/doc2validate/gold_benchmarks/scidata_selected_50_v1/s41597-022-01704-9/artifact/github,12,5.830075263977051,0,0,12,False,False,True,True,False
s41597-022-01788-3,/mydata/doc2validate/gold_benchmarks/scidata_selected_50_v1/s41597-022-01788-3,github,/mydata/doc2validate/gold_benchmarks/scidata_selected_50_v1/s41597-022-01788-3/artifact/github,37,15.529788970947266,0,0,37,False,False,True,True,False
s41597-023-02676-0,/mydata/doc2validate/gold_benchmarks/scidata_selected_50_v1/s41597-023-02676-0,github,/mydata/doc2validate/gold_benchmarks/scidata_selected_50_v1/s41597-023-02676-0/artifact/github,302,248.47274780273438,0,0,302,False,False,True,True,False
s41597-024-03368-z,/mydata/doc2validate/gold_benchmarks/scidata_selected_50_v1/s41597-024-03368-z,github,/mydata/doc2validate/gold_benchmarks/scidata_selected_50_v1/s41597-024-03368-z/artifact/github,104,248.73852729797363,0,0,104,False,False,True,True,False
s41597-024-03414-w,/mydata/doc2validate/gold_benchmarks/scidata_selected_50_v1/s41597-024-03414-w,github,/mydata/doc2validate/gold_benchmarks/scidata_selected_50_v1/s41597-024-03414-w/artifact/github,123,69.85321712493896,0,0,123,False,False,True,True,False
s41597-024-04232-w,/mydata/doc2validate/gold_benchmarks/scidata_selected_50_v1/s41597-024-04232-w,github,/mydata/doc2validate/gold_benchmarks/scidata_selected_50_v1/s41597-024-04232-w/artifact/github,41,3.4028520584106445,0,0,41,False,False,True,True,False
s41597-025-05156-9,/mydata/doc2validate/gold_benchmarks/scidata_selected_50_v1/s41597-025-05156-9,github,/mydata/doc2validate/gold_benchmarks/scidata_selected_50_v1/s41597-025-05156-9/artifact/github,61,752.2590589523315,0,0,61,False,False,True,True,False
s41597-020-00702-z,/mydata/doc2validate/gold_benchmarks/scidata_selected_50_v1/s41597-020-00702-z,github,/mydata/doc2validate/gold_benchmarks/scidata_selected_50_v1/s41597-020-00702-z/artifact/github,153,78.87971591949463,0,0,153,False,False,True,True,False
s41597-021-00929-4,/mydata/doc2validate/gold_benchmarks/scidata_selected_50_v1/s41597-021-00929-4,github,/mydata/doc2validate/gold_benchmarks/scidata_selected_50_v1/s41597-021-00929-4/artifact/github,57,304.9476099014282,0,0,57,False,False,True,True,False
s41597-022-01543-8,/mydata/doc2validate/gold_benchmarks/scidata_selected_50_v1/s41597-022-01543-8,github,/mydata/doc2validate/gold_benchmarks/scidata_selected_50_v1/s41597-022-01543-8/artifact/github,529,427.63044452667236,0,0,529,False,False,True,True,False
s41597-023-01938-1,/mydata/doc2validate/gold_benchmarks/scidata_selected_50_v1/s41597-023-01938-1,github,/mydata/doc2validate/gold_benchmarks/scidata_selected_50_v1/s41597-023-01938-1/artifact/github,27,0.659693717956543,0,0,27,False,False,True,True,False
s41597-023-02160-9,/mydata/doc2validate/gold_benchmarks/scidata_selected_50_v1/s41597-023-02160-9,github,/mydata/doc2validate/gold_benchmarks/scidata_selected_50_v1/s41597-023-02160-9/artifact/github,397,211.4261350631714,0,0,397,False,False,True,True,False
s41597-023-02517-0,/mydata/doc2validate/gold_benchmarks/scidata_selected_50_v1/s41597-023-02517-0,github,/mydata/doc2validate/gold_benchmarks/scidata_selected_50_v1/s41597-023-02517-0/artifact/github,52,2.5438594818115234,0,0,52,False,False,True,True,False
s41597-023-02724-9,/mydata/doc2validate/gold_benchmarks/scidata_selected_50_v1/s41597-023-02724-9,github,/mydata/doc2validate/gold_benchmarks/scidata_selected_50_v1/s41597-023-02724-9/artifact/github,1068,352.01459407806396,0,0,1068,False,False,True,True,False
s41597-023-02749-0,/mydata/doc2validate/gold_benchmarks/scidata_selected_50_v1/s41597-023-02749-0,github,/mydata/doc2validate/gold_benchmarks/scidata_selected_50_v1/s41597-023-02749-0/artifact/github,72,60.54271411895752,0,0,72,False,False,True,True,False
s41597-024-03190-7,/mydata/doc2validate/gold_benchmarks/scidata_selected_50_v1/s41597-024-03190-7,github,/mydata/doc2validate/gold_benchmarks/scidata_selected_50_v1/s41597-024-03190-7/artifact/github,78,22.211111068725586,0,0,78,False,False,True,True,False
s41597-025-04681-x,/mydata/doc2validate/gold_benchmarks/scidata_selected_50_v1/s41597-025-04681-x,github,/mydata/doc2validate/gold_benchmarks/scidata_selected_50_v1/s41597-025-04681-x/artifact/github,150,182.8682098388672,0,0,150,False,False,True,True,False
s41597-025-04696-4,/mydata/doc2validate/gold_benchmarks/scidata_selected_50_v1/s41597-025-04696-4,github,/mydata/doc2validate/gold_benchmarks/scidata_selected_50_v1/s41597-025-04696-4/artifact/github,21,17.214598655700684,0,0,21,False,False,True,True,False
s41597-021-00878-y,/mydata/doc2validate/gold_benchmarks/scidata_selected_50_v1/s41597-021-00878-y,github,/mydata/doc2validate/gold_benchmarks/scidata_selected_50_v1/s41597-021-00878-y/artifact/github,209,99.17793941497803,0,0,209,False,False,True,True,False
s41597-024-04051-z,/mydata/doc2validate/gold_benchmarks/scidata_selected_50_v1/s41597-024-04051-z,github,/mydata/doc2validate/gold_benchmarks/scidata_selected_50_v1/s41597-024-04051-z/artifact/github,1452,558.2961511611938,0,0,1452,False,False,True,True,False
