article_id,count,issue_scope,issue_type,severity
s41597-019-0035-4,3,physical_grounding,num_missing,high
s41597-019-0035-4,1,physical_grounding,num_ambiguous,medium
s41597-019-0035-4,1,physical_grounding,num_weak_match,medium
s41597-019-0035-4,1,physical_grounding,num_unsupported_non_file_claim,high
s41597-020-00688-8,1,physical_grounding,num_weak_match,medium
s41597-020-00788-5,6,physical_grounding,num_ambiguous,medium
s41597-020-00788-5,1,physical_grounding,num_weak_match,medium
s41597-020-00788-5,5,executable_preview,csv_encoding_error,low
s41597-021-01069-5,2,physical_grounding,num_missing,high
s41597-021-01069-5,2,physical_grounding,num_weak_match,medium
s41597-021-01069-5,2,executable_preview,code_or_notebook_artifact_not_tabular,medium
s41597-022-01146-3,1,physical_grounding,num_ambiguous,medium
s41597-022-01473-5,1,executable_preview,csv_encoding_error,low
s41597-022-01696-6,2,physical_grounding,num_ambiguous,medium
s41597-022-01696-6,4,physical_grounding,num_weak_match,medium
s41597-022-01696-6,2,executable_preview,archive_artifact_requires_unpacking,medium
s41597-023-02060-y,5,physical_grounding,num_missing,high
s41597-023-02060-y,1,physical_grounding,num_ambiguous,medium
s41597-023-02060-y,1,physical_grounding,num_weak_match,medium
s41597-023-02060-y,1,executable_preview,archive_artifact_requires_unpacking,medium
s41597-023-02070-w,4,physical_grounding,num_missing,high
s41597-023-02070-w,1,physical_grounding,num_weak_match,medium
s41597-023-02094-2,3,physical_grounding,num_missing,high
s41597-023-02094-2,2,physical_grounding,num_weak_match,medium
s41597-023-02576-3,8,physical_grounding,num_weak_match,medium
s41597-023-02576-3,8,executable_preview,code_or_notebook_artifact_not_tabular,medium
s41597-023-02717-8,2,physical_grounding,num_missing,high
s41597-023-02717-8,1,physical_grounding,num_ambiguous,medium
s41597-023-02717-8,1,physical_grounding,num_weak_match,medium
s41597-023-02717-8,1,executable_preview,missing_optional_dependency_xlrd,low
s41597-023-02717-8,1,executable_preview,csv_encoding_error,low
s41597-024-03120-7,7,physical_grounding,num_ambiguous,medium
s41597-024-03120-7,1,physical_grounding,num_weak_match,medium
s41597-024-03120-7,6,executable_preview,code_or_notebook_artifact_not_tabular,medium
s41597-024-03120-7,1,executable_preview,csv_encoding_error,low
s41597-024-03120-7,6,executable_preview,archive_artifact_requires_unpacking,medium
s41597-024-03120-7,1,executable_preview,specialized_data_format_requires_loader,medium
s41597-024-03120-7,3,executable_preview,structured_metadata_not_tabular,medium
s41597-024-03120-7,1,executable_preview,document_or_text_artifact_not_tabular,medium
sdata2018310,3,physical_grounding,num_missing,high
s41597-020-00676-y,1,physical_grounding,num_weak_match,medium
s41597-020-00676-y,1,executable_preview,archive_artifact_requires_unpacking,medium
s41597-020-00682-0,1,physical_grounding,num_missing,high
s41597-020-00682-0,3,physical_grounding,num_weak_match,medium
s41597-020-00682-0,3,executable_preview,specialized_data_format_requires_loader,medium
s41597-020-00682-0,3,executable_preview,code_or_notebook_artifact_not_tabular,medium
s41597-021-00844-8,3,physical_grounding,num_missing,high
s41597-021-00844-8,4,executable_preview,csv_encoding_error,low
s41597-022-01850-0,4,physical_grounding,num_missing,high
s41597-022-01850-0,1,physical_grounding,num_ambiguous,medium
s41597-022-01850-0,1,physical_grounding,num_weak_match,medium
s41597-022-01850-0,4,executable_preview,code_or_notebook_artifact_not_tabular,medium
s41597-020-00609-9,2,physical_grounding,num_missing,high
s41597-020-00609-9,2,physical_grounding,num_ambiguous,medium
s41597-020-00609-9,1,physical_grounding,num_weak_match,medium
s41597-020-00609-9,6,executable_preview,csv_encoding_error,low
s41597-020-00609-9,3,executable_preview,document_or_text_artifact_not_tabular,medium
s41597-023-01947-0,5,physical_grounding,num_ambiguous,medium
s41597-023-01947-0,4,executable_preview,code_or_notebook_artifact_not_tabular,medium
s41597-023-01947-0,2,executable_preview,specialized_data_format_requires_loader,medium
s41597-023-02310-z,1,physical_grounding,num_missing,high
s41597-023-02310-z,1,physical_grounding,num_ambiguous,medium
s41597-020-0455-1,3,physical_grounding,num_missing,high
s41597-020-0455-1,3,physical_grounding,num_ambiguous,medium
s41597-020-0455-1,2,executable_preview,specialized_data_format_requires_loader,medium
s41597-020-0455-1,1,executable_preview,archive_artifact_requires_unpacking,medium
s41597-020-00610-2,1,physical_grounding,num_missing,high
s41597-020-00610-2,1,physical_grounding,num_ambiguous,medium
s41597-020-00610-2,3,executable_preview,document_or_text_artifact_not_tabular,medium
s41597-020-00712-x,1,physical_grounding,num_ambiguous,medium
s41597-020-00757-y,1,physical_grounding,num_ambiguous,medium
s41597-020-00757-y,1,executable_preview,specialized_data_format_requires_loader,medium
s41597-020-00757-y,3,executable_preview,code_or_notebook_artifact_not_tabular,medium
s41597-021-00816-y,3,physical_grounding,num_ambiguous,medium
s41597-021-00816-y,5,executable_preview,structured_metadata_not_tabular,medium
s41597-022-01141-8,7,physical_grounding,num_missing,high
s41597-022-01141-8,1,physical_grounding,num_ambiguous,medium
s41597-022-01141-8,1,executable_preview,document_or_text_artifact_not_tabular,medium
s41597-022-01141-8,1,executable_preview,code_or_notebook_artifact_not_tabular,medium
s41597-022-01255-z,2,executable_preview,code_or_notebook_artifact_not_tabular,medium
s41597-022-01432-0,1,physical_grounding,num_ambiguous,medium
s41597-022-01432-0,4,executable_preview,structured_metadata_not_tabular,medium
s41597-022-01432-0,2,executable_preview,document_or_text_artifact_not_tabular,medium
s41597-022-01437-9,2,physical_grounding,num_ambiguous,medium
s41597-022-01437-9,2,executable_preview,archive_artifact_requires_unpacking,medium
s41597-022-01437-9,2,executable_preview,specialized_data_format_requires_loader,medium
s41597-022-01437-9,1,executable_preview,csv_encoding_error,low
s41597-022-01704-9,3,executable_preview,csv_encoding_error,low
s41597-022-01704-9,1,executable_preview,unsupported_format,high
s41597-022-01704-9,2,executable_preview,code_or_notebook_artifact_not_tabular,medium
s41597-022-01704-9,1,executable_preview,document_or_text_artifact_not_tabular,medium
s41597-022-01788-3,1,physical_grounding,num_missing,high
s41597-022-01788-3,1,physical_grounding,num_weak_match,medium
s41597-023-02676-0,1,physical_grounding,num_missing,high
s41597-023-02676-0,6,physical_grounding,num_ambiguous,medium
s41597-024-03368-z,1,physical_grounding,num_ambiguous,medium
s41597-024-03368-z,1,executable_preview,structured_metadata_not_tabular,medium
s41597-024-03368-z,2,executable_preview,unsupported_format,high
s41597-024-03414-w,8,physical_grounding,num_ambiguous,medium
s41597-024-04232-w,1,physical_grounding,num_ambiguous,medium
s41597-024-04232-w,1,executable_preview,unsupported_format,high
s41597-025-05156-9,4,physical_grounding,num_missing,high
s41597-025-05156-9,1,physical_grounding,num_weak_match,medium
s41597-025-05156-9,1,executable_preview,image_artifact_not_tabular,medium
s41597-025-05156-9,3,executable_preview,code_or_notebook_artifact_not_tabular,medium
s41597-020-00702-z,4,physical_grounding,num_ambiguous,medium
s41597-020-00702-z,2,physical_grounding,num_weak_match,medium
s41597-020-00702-z,3,executable_preview,document_or_text_artifact_not_tabular,medium
s41597-020-00702-z,5,executable_preview,unsupported_format,high
s41597-020-00702-z,1,executable_preview,code_or_notebook_artifact_not_tabular,medium
s41597-020-00702-z,4,executable_preview,structured_metadata_not_tabular,medium
s41597-021-00929-4,6,physical_grounding,num_missing,high
s41597-021-00929-4,1,physical_grounding,num_ambiguous,medium
s41597-021-00929-4,1,physical_grounding,num_weak_match,medium
s41597-021-00929-4,1,executable_preview,code_or_notebook_artifact_not_tabular,medium
s41597-021-00929-4,3,executable_preview,document_or_text_artifact_not_tabular,medium
s41597-022-01543-8,1,physical_grounding,num_missing,high
s41597-022-01543-8,2,executable_preview,code_or_notebook_artifact_not_tabular,medium
s41597-022-01543-8,3,executable_preview,document_or_text_artifact_not_tabular,medium
s41597-023-01938-1,3,physical_grounding,num_missing,high
s41597-023-01938-1,2,physical_grounding,num_ambiguous,medium
s41597-023-01938-1,3,executable_preview,archive_artifact_requires_unpacking,medium
s41597-023-01938-1,5,executable_preview,document_or_text_artifact_not_tabular,medium
s41597-023-01938-1,1,executable_preview,code_or_notebook_artifact_not_tabular,medium
s41597-023-02160-9,3,physical_grounding,num_missing,high
s41597-023-02160-9,5,physical_grounding,num_ambiguous,medium
s41597-023-02160-9,2,executable_preview,document_or_text_artifact_not_tabular,medium
s41597-023-02160-9,4,executable_preview,image_artifact_not_tabular,medium
s41597-023-02160-9,6,executable_preview,specialized_data_format_requires_loader,medium
s41597-023-02160-9,1,executable_preview,code_or_notebook_artifact_not_tabular,medium
s41597-023-02517-0,1,physical_grounding,num_ambiguous,medium
s41597-023-02517-0,3,physical_grounding,num_weak_match,medium
s41597-023-02724-9,3,physical_grounding,num_missing,high
s41597-023-02724-9,2,physical_grounding,num_ambiguous,medium
s41597-023-02724-9,2,physical_grounding,num_weak_match,medium
s41597-023-02724-9,2,executable_preview,document_or_text_artifact_not_tabular,medium
s41597-023-02724-9,1,executable_preview,image_artifact_not_tabular,medium
s41597-023-02724-9,2,executable_preview,code_or_notebook_artifact_not_tabular,medium
s41597-023-02724-9,1,executable_preview,structured_metadata_not_tabular,medium
s41597-023-02749-0,6,physical_grounding,num_missing,high
s41597-024-03190-7,1,physical_grounding,num_missing,high
s41597-024-03190-7,3,physical_grounding,num_weak_match,medium
s41597-024-03190-7,1,executable_preview,unsupported_format,high
s41597-025-04681-x,5,physical_grounding,num_missing,high
s41597-025-04681-x,2,physical_grounding,num_ambiguous,medium
s41597-025-04681-x,1,executable_preview,specialized_data_format_requires_loader,medium
s41597-025-04696-4,1,physical_grounding,num_weak_match,medium
s41597-025-04696-4,1,executable_preview,specialized_data_format_requires_loader,medium
s41597-025-04696-4,3,executable_preview,code_or_notebook_artifact_not_tabular,medium
s41597-025-04696-4,2,executable_preview,unsupported_format,high
s41597-021-00878-y,2,physical_grounding,num_ambiguous,medium
s41597-021-00878-y,6,executable_preview,archive_artifact_requires_unpacking,medium
s41597-024-04051-z,8,physical_grounding,num_ambiguous,medium
s41597-024-04051-z,3,executable_preview,structured_metadata_not_tabular,medium
s41597-024-04051-z,3,executable_preview,code_or_notebook_artifact_not_tabular,medium
