article_id,component,details_json,score,weight,weighted_contribution
s41597-019-0035-4,logical_schema_score,"{""column_rate"": 1.0, ""format_rate"": 1.0, ""num_logical_files"": 6, ""path_pattern_rate"": 1.0}",1.0,0.2,0.2
s41597-019-0035-4,physical_grounding_score,"{""num_ambiguous"": 1, ""num_file_grounding_applicable"": 5, ""num_missing"": 3, ""num_resolved"": 0, ""num_unsupported_non_file_claim"": 1, ""num_weak_match"": 1}",0.15,0.3,0.045
s41597-019-0035-4,executable_preview_score,"{""category_counts"": {""tabular_preview_success"": 4}, ""category_weights"": {""archive_artifact_requires_unpacking"": 0.4, ""code_or_notebook_artifact_not_tabular"": 0.2, ""csv_encoding_error"": 0.55, ""document_or_text_artifact_not_tabular"": 0.2, ""image_artifact_not_tabular"": 0.1, ""missing_optional_dependency_xlrd"": 0.7, ""missing_or_unrecognized_suffix"": 0.05, ""specialized_data_format_requires_loader"": 0.35, ""structured_metadata_not_tabular"": 0.3, ""tabular_preview_success"": 1.0, ""unsupported_format"": 0.0}, ""num_preview_rows"": 4}",1.0,0.2,0.2
s41597-019-0035-4,review_burden_score,"{""num_human_review_needed"": 6, ""num_logical_files"": 6, ""review_rate"": 1.0}",0.0,0.2,0.0
s41597-019-0035-4,intervention_need_score,"{""combined_intervention_rate"": 0.5599999999999999, ""grounding_intervention_points"": 4.8, ""grounding_intervention_rate"": 0.7999999999999999, ""num_ambiguous"": 1, ""num_missing"": 3, ""num_preview_rows"": 4, ""num_unsupported_non_file_claim"": 1, ""num_weak_match"": 1, ""preview_intervention_rate"": 0.0}",0.44000000000000006,0.1,0.04400000000000001
s41597-020-00688-8,logical_schema_score,"{""column_rate"": 1.0, ""format_rate"": 1.0, ""num_logical_files"": 6, ""path_pattern_rate"": 1.0}",1.0,0.2,0.2
s41597-020-00688-8,physical_grounding_score,"{""num_ambiguous"": 0, ""num_file_grounding_applicable"": 6, ""num_missing"": 0, ""num_resolved"": 5, ""num_unsupported_non_file_claim"": 0, ""num_weak_match"": 1}",0.875,0.3,0.2625
s41597-020-00688-8,executable_preview_score,"{""category_counts"": {""tabular_preview_success"": 6}, ""category_weights"": {""archive_artifact_requires_unpacking"": 0.4, ""code_or_notebook_artifact_not_tabular"": 0.2, ""csv_encoding_error"": 0.55, ""document_or_text_artifact_not_tabular"": 0.2, ""image_artifact_not_tabular"": 0.1, ""missing_optional_dependency_xlrd"": 0.7, ""missing_or_unrecognized_suffix"": 0.05, ""specialized_data_format_requires_loader"": 0.35, ""structured_metadata_not_tabular"": 0.3, ""tabular_preview_success"": 1.0, ""unsupported_format"": 0.0}, ""num_preview_rows"": 6}",1.0,0.2,0.2
s41597-020-00688-8,review_burden_score,"{""num_human_review_needed"": 1, ""num_logical_files"": 6, ""review_rate"": 0.16666666666666666}",0.8333333333333334,0.2,0.16666666666666669
s41597-020-00688-8,intervention_need_score,"{""combined_intervention_rate"": 0.04666666666666666, ""grounding_intervention_points"": 0.4, ""grounding_intervention_rate"": 0.06666666666666667, ""num_ambiguous"": 0, ""num_missing"": 0, ""num_preview_rows"": 6, ""num_unsupported_non_file_claim"": 0, ""num_weak_match"": 1, ""preview_intervention_rate"": 0.0}",0.9533333333333334,0.1,0.09533333333333334
s41597-020-00788-5,logical_schema_score,"{""column_rate"": 0.8571428571428571, ""format_rate"": 1.0, ""num_logical_files"": 7, ""path_pattern_rate"": 1.0}",0.9571428571428571,0.2,0.19142857142857142
s41597-020-00788-5,physical_grounding_score,"{""num_ambiguous"": 6, ""num_file_grounding_applicable"": 7, ""num_missing"": 0, ""num_resolved"": 0, ""num_unsupported_non_file_claim"": 0, ""num_weak_match"": 1}",0.4643,0.3,0.13929
s41597-020-00788-5,executable_preview_score,"{""category_counts"": {""csv_encoding_error"": 5, ""tabular_preview_success"": 10}, ""category_weights"": {""archive_artifact_requires_unpacking"": 0.4, ""code_or_notebook_artifact_not_tabular"": 0.2, ""csv_encoding_error"": 0.55, ""document_or_text_artifact_not_tabular"": 0.2, ""image_artifact_not_tabular"": 0.1, ""missing_optional_dependency_xlrd"": 0.7, ""missing_or_unrecognized_suffix"": 0.05, ""specialized_data_format_requires_loader"": 0.35, ""structured_metadata_not_tabular"": 0.3, ""tabular_preview_success"": 1.0, ""unsupported_format"": 0.0}, ""num_preview_rows"": 15}",0.85,0.2,0.17
s41597-020-00788-5,review_burden_score,"{""num_human_review_needed"": 7, ""num_logical_files"": 7, ""review_rate"": 1.0}",0.0,0.2,0.0
s41597-020-00788-5,intervention_need_score,"{""combined_intervention_rate"": 0.44499999999999995, ""grounding_intervention_points"": 3.9999999999999996, ""grounding_intervention_rate"": 0.5714285714285714, ""num_ambiguous"": 6, ""num_missing"": 0, ""num_preview_rows"": 15, ""num_unsupported_non_file_claim"": 0, ""num_weak_match"": 1, ""preview_intervention_rate"": 0.15}",0.555,0.1,0.05550000000000001
s41597-021-01069-5,logical_schema_score,"{""column_rate"": 1.0, ""format_rate"": 1.0, ""num_logical_files"": 5, ""path_pattern_rate"": 1.0}",1.0,0.2,0.2
s41597-021-01069-5,physical_grounding_score,"{""num_ambiguous"": 0, ""num_file_grounding_applicable"": 5, ""num_missing"": 2, ""num_resolved"": 1, ""num_unsupported_non_file_claim"": 0, ""num_weak_match"": 2}",0.3,0.3,0.09
s41597-021-01069-5,executable_preview_score,"{""category_counts"": {""code_or_notebook_artifact_not_tabular"": 2, ""tabular_preview_success"": 1}, ""category_weights"": {""archive_artifact_requires_unpacking"": 0.4, ""code_or_notebook_artifact_not_tabular"": 0.2, ""csv_encoding_error"": 0.55, ""document_or_text_artifact_not_tabular"": 0.2, ""image_artifact_not_tabular"": 0.1, ""missing_optional_dependency_xlrd"": 0.7, ""missing_or_unrecognized_suffix"": 0.05, ""specialized_data_format_requires_loader"": 0.35, ""structured_metadata_not_tabular"": 0.3, ""tabular_preview_success"": 1.0, ""unsupported_format"": 0.0}, ""num_preview_rows"": 3}",0.4666666666666666,0.2,0.09333333333333332
s41597-021-01069-5,review_burden_score,"{""num_human_review_needed"": 4, ""num_logical_files"": 5, ""review_rate"": 0.8}",0.19999999999999996,0.2,0.039999999999999994
s41597-021-01069-5,intervention_need_score,"{""combined_intervention_rate"": 0.5519999999999999, ""grounding_intervention_points"": 2.8, ""grounding_intervention_rate"": 0.5599999999999999, ""num_ambiguous"": 0, ""num_missing"": 2, ""num_preview_rows"": 3, ""num_unsupported_non_file_claim"": 0, ""num_weak_match"": 2, ""preview_intervention_rate"": 0.5333333333333333}",0.44800000000000006,0.1,0.044800000000000006
s41597-022-01146-3,logical_schema_score,"{""column_rate"": 1.0, ""format_rate"": 1.0, ""num_logical_files"": 8, ""path_pattern_rate"": 1.0}",1.0,0.2,0.2
s41597-022-01146-3,physical_grounding_score,"{""num_ambiguous"": 1, ""num_file_grounding_applicable"": 8, ""num_missing"": 0, ""num_resolved"": 7, ""num_unsupported_non_file_claim"": 0, ""num_weak_match"": 0}",0.9375,0.3,0.28125
s41597-022-01146-3,executable_preview_score,"{""category_counts"": {""tabular_preview_success"": 10}, ""category_weights"": {""archive_artifact_requires_unpacking"": 0.4, ""code_or_notebook_artifact_not_tabular"": 0.2, ""csv_encoding_error"": 0.55, ""document_or_text_artifact_not_tabular"": 0.2, ""image_artifact_not_tabular"": 0.1, ""missing_optional_dependency_xlrd"": 0.7, ""missing_or_unrecognized_suffix"": 0.05, ""specialized_data_format_requires_loader"": 0.35, ""structured_metadata_not_tabular"": 0.3, ""tabular_preview_success"": 1.0, ""unsupported_format"": 0.0}, ""num_preview_rows"": 10}",1.0,0.2,0.2
s41597-022-01146-3,review_burden_score,"{""num_human_review_needed"": 1, ""num_logical_files"": 8, ""review_rate"": 0.125}",0.875,0.2,0.17500000000000002
s41597-022-01146-3,intervention_need_score,"{""combined_intervention_rate"": 0.0525, ""grounding_intervention_points"": 0.6, ""grounding_intervention_rate"": 0.075, ""num_ambiguous"": 1, ""num_missing"": 0, ""num_preview_rows"": 10, ""num_unsupported_non_file_claim"": 0, ""num_weak_match"": 0, ""preview_intervention_rate"": 0.0}",0.9475,0.1,0.09475
s41597-022-01473-5,logical_schema_score,"{""column_rate"": 1.0, ""format_rate"": 1.0, ""num_logical_files"": 5, ""path_pattern_rate"": 1.0}",1.0,0.2,0.2
s41597-022-01473-5,physical_grounding_score,"{""num_ambiguous"": 0, ""num_file_grounding_applicable"": 5, ""num_missing"": 0, ""num_resolved"": 5, ""num_unsupported_non_file_claim"": 0, ""num_weak_match"": 0}",1.0,0.3,0.3
s41597-022-01473-5,executable_preview_score,"{""category_counts"": {""csv_encoding_error"": 1, ""tabular_preview_success"": 4}, ""category_weights"": {""archive_artifact_requires_unpacking"": 0.4, ""code_or_notebook_artifact_not_tabular"": 0.2, ""csv_encoding_error"": 0.55, ""document_or_text_artifact_not_tabular"": 0.2, ""image_artifact_not_tabular"": 0.1, ""missing_optional_dependency_xlrd"": 0.7, ""missing_or_unrecognized_suffix"": 0.05, ""specialized_data_format_requires_loader"": 0.35, ""structured_metadata_not_tabular"": 0.3, ""tabular_preview_success"": 1.0, ""unsupported_format"": 0.0}, ""num_preview_rows"": 5}",0.9099999999999999,0.2,0.182
s41597-022-01473-5,review_burden_score,"{""num_human_review_needed"": 0, ""num_logical_files"": 5, ""review_rate"": 0.0}",1.0,0.2,0.2
s41597-022-01473-5,intervention_need_score,"{""combined_intervention_rate"": 0.027, ""grounding_intervention_points"": 0.0, ""grounding_intervention_rate"": 0.0, ""num_ambiguous"": 0, ""num_missing"": 0, ""num_preview_rows"": 5, ""num_unsupported_non_file_claim"": 0, ""num_weak_match"": 0, ""preview_intervention_rate"": 0.09}",0.973,0.1,0.0973
s41597-022-01696-6,logical_schema_score,"{""column_rate"": 1.0, ""format_rate"": 1.0, ""num_logical_files"": 6, ""path_pattern_rate"": 1.0}",1.0,0.2,0.2
s41597-022-01696-6,physical_grounding_score,"{""num_ambiguous"": 2, ""num_file_grounding_applicable"": 6, ""num_missing"": 0, ""num_resolved"": 0, ""num_unsupported_non_file_claim"": 0, ""num_weak_match"": 4}",0.3333,0.3,0.09999
s41597-022-01696-6,executable_preview_score,"{""category_counts"": {""archive_artifact_requires_unpacking"": 2, ""tabular_preview_success"": 6}, ""category_weights"": {""archive_artifact_requires_unpacking"": 0.4, ""code_or_notebook_artifact_not_tabular"": 0.2, ""csv_encoding_error"": 0.55, ""document_or_text_artifact_not_tabular"": 0.2, ""image_artifact_not_tabular"": 0.1, ""missing_optional_dependency_xlrd"": 0.7, ""missing_or_unrecognized_suffix"": 0.05, ""specialized_data_format_requires_loader"": 0.35, ""structured_metadata_not_tabular"": 0.3, ""tabular_preview_success"": 1.0, ""unsupported_format"": 0.0}, ""num_preview_rows"": 8}",0.8500000000000001,0.2,0.17000000000000004
s41597-022-01696-6,review_burden_score,"{""num_human_review_needed"": 6, ""num_logical_files"": 6, ""review_rate"": 1.0}",0.0,0.2,0.0
s41597-022-01696-6,intervention_need_score,"{""combined_intervention_rate"": 0.3716666666666666, ""grounding_intervention_points"": 2.8, ""grounding_intervention_rate"": 0.4666666666666666, ""num_ambiguous"": 2, ""num_missing"": 0, ""num_preview_rows"": 8, ""num_unsupported_non_file_claim"": 0, ""num_weak_match"": 4, ""preview_intervention_rate"": 0.15}",0.6283333333333334,0.1,0.06283333333333334
s41597-023-02060-y,logical_schema_score,"{""column_rate"": 1.0, ""format_rate"": 1.0, ""num_logical_files"": 8, ""path_pattern_rate"": 1.0}",1.0,0.2,0.2
s41597-023-02060-y,physical_grounding_score,"{""num_ambiguous"": 1, ""num_file_grounding_applicable"": 8, ""num_missing"": 5, ""num_resolved"": 1, ""num_unsupported_non_file_claim"": 0, ""num_weak_match"": 1}",0.2188,0.3,0.06563999999999999
s41597-023-02060-y,executable_preview_score,"{""category_counts"": {""archive_artifact_requires_unpacking"": 1, ""tabular_preview_success"": 3}, ""category_weights"": {""archive_artifact_requires_unpacking"": 0.4, ""code_or_notebook_artifact_not_tabular"": 0.2, ""csv_encoding_error"": 0.55, ""document_or_text_artifact_not_tabular"": 0.2, ""image_artifact_not_tabular"": 0.1, ""missing_optional_dependency_xlrd"": 0.7, ""missing_or_unrecognized_suffix"": 0.05, ""specialized_data_format_requires_loader"": 0.35, ""structured_metadata_not_tabular"": 0.3, ""tabular_preview_success"": 1.0, ""unsupported_format"": 0.0}, ""num_preview_rows"": 4}",0.85,0.2,0.17
s41597-023-02060-y,review_burden_score,"{""num_human_review_needed"": 7, ""num_logical_files"": 8, ""review_rate"": 0.875}",0.125,0.2,0.025
s41597-023-02060-y,intervention_need_score,"{""combined_intervention_rate"": 0.57, ""grounding_intervention_points"": 6.0, ""grounding_intervention_rate"": 0.75, ""num_ambiguous"": 1, ""num_missing"": 5, ""num_preview_rows"": 4, ""num_unsupported_non_file_claim"": 0, ""num_weak_match"": 1, ""preview_intervention_rate"": 0.15}",0.43000000000000005,0.1,0.04300000000000001
s41597-023-02070-w,logical_schema_score,"{""column_rate"": 0.6, ""format_rate"": 1.0, ""num_logical_files"": 5, ""path_pattern_rate"": 1.0}",0.8799999999999999,0.2,0.176
s41597-023-02070-w,physical_grounding_score,"{""num_ambiguous"": 0, ""num_file_grounding_applicable"": 5, ""num_missing"": 4, ""num_resolved"": 0, ""num_unsupported_non_file_claim"": 0, ""num_weak_match"": 1}",0.05,0.3,0.015
s41597-023-02070-w,executable_preview_score,"{""category_counts"": {""tabular_preview_success"": 1}, ""category_weights"": {""archive_artifact_requires_unpacking"": 0.4, ""code_or_notebook_artifact_not_tabular"": 0.2, ""csv_encoding_error"": 0.55, ""document_or_text_artifact_not_tabular"": 0.2, ""image_artifact_not_tabular"": 0.1, ""missing_optional_dependency_xlrd"": 0.7, ""missing_or_unrecognized_suffix"": 0.05, ""specialized_data_format_requires_loader"": 0.35, ""structured_metadata_not_tabular"": 0.3, ""tabular_preview_success"": 1.0, ""unsupported_format"": 0.0}, ""num_preview_rows"": 1}",1.0,0.2,0.2
s41597-023-02070-w,review_burden_score,"{""num_human_review_needed"": 5, ""num_logical_files"": 5, ""review_rate"": 1.0}",0.0,0.2,0.0
s41597-023-02070-w,intervention_need_score,"{""combined_intervention_rate"": 0.616, ""grounding_intervention_points"": 4.4, ""grounding_intervention_rate"": 0.8800000000000001, ""num_ambiguous"": 0, ""num_missing"": 4, ""num_preview_rows"": 1, ""num_unsupported_non_file_claim"": 0, ""num_weak_match"": 1, ""preview_intervention_rate"": 0.0}",0.384,0.1,0.038400000000000004
s41597-023-02094-2,logical_schema_score,"{""column_rate"": 0.6, ""format_rate"": 1.0, ""num_logical_files"": 5, ""path_pattern_rate"": 1.0}",0.8799999999999999,0.2,0.176
s41597-023-02094-2,physical_grounding_score,"{""num_ambiguous"": 0, ""num_file_grounding_applicable"": 5, ""num_missing"": 3, ""num_resolved"": 0, ""num_unsupported_non_file_claim"": 0, ""num_weak_match"": 2}",0.1,0.3,0.03
s41597-023-02094-2,executable_preview_score,"{""category_counts"": {""tabular_preview_success"": 2}, ""category_weights"": {""archive_artifact_requires_unpacking"": 0.4, ""code_or_notebook_artifact_not_tabular"": 0.2, ""csv_encoding_error"": 0.55, ""document_or_text_artifact_not_tabular"": 0.2, ""image_artifact_not_tabular"": 0.1, ""missing_optional_dependency_xlrd"": 0.7, ""missing_or_unrecognized_suffix"": 0.05, ""specialized_data_format_requires_loader"": 0.35, ""structured_metadata_not_tabular"": 0.3, ""tabular_preview_success"": 1.0, ""unsupported_format"": 0.0}, ""num_preview_rows"": 2}",1.0,0.2,0.2
s41597-023-02094-2,review_burden_score,"{""num_human_review_needed"": 5, ""num_logical_files"": 5, ""review_rate"": 1.0}",0.0,0.2,0.0
s41597-023-02094-2,intervention_need_score,"{""combined_intervention_rate"": 0.5319999999999999, ""grounding_intervention_points"": 3.8, ""grounding_intervention_rate"": 0.76, ""num_ambiguous"": 0, ""num_missing"": 3, ""num_preview_rows"": 2, ""num_unsupported_non_file_claim"": 0, ""num_weak_match"": 2, ""preview_intervention_rate"": 0.0}",0.4680000000000001,0.1,0.04680000000000001
s41597-023-02576-3,logical_schema_score,"{""column_rate"": 1.0, ""format_rate"": 1.0, ""num_logical_files"": 8, ""path_pattern_rate"": 1.0}",1.0,0.2,0.2
s41597-023-02576-3,physical_grounding_score,"{""num_ambiguous"": 0, ""num_file_grounding_applicable"": 8, ""num_missing"": 0, ""num_resolved"": 0, ""num_unsupported_non_file_claim"": 0, ""num_weak_match"": 8}",0.25,0.3,0.075
s41597-023-02576-3,executable_preview_score,"{""category_counts"": {""code_or_notebook_artifact_not_tabular"": 8}, ""category_weights"": {""archive_artifact_requires_unpacking"": 0.4, ""code_or_notebook_artifact_not_tabular"": 0.2, ""csv_encoding_error"": 0.55, ""document_or_text_artifact_not_tabular"": 0.2, ""image_artifact_not_tabular"": 0.1, ""missing_optional_dependency_xlrd"": 0.7, ""missing_or_unrecognized_suffix"": 0.05, ""specialized_data_format_requires_loader"": 0.35, ""structured_metadata_not_tabular"": 0.3, ""tabular_preview_success"": 1.0, ""unsupported_format"": 0.0}, ""num_preview_rows"": 8}",0.19999999999999998,0.2,0.04
s41597-023-02576-3,review_burden_score,"{""num_human_review_needed"": 8, ""num_logical_files"": 8, ""review_rate"": 1.0}",0.0,0.2,0.0
s41597-023-02576-3,intervention_need_score,"{""combined_intervention_rate"": 0.5199999999999999, ""grounding_intervention_points"": 3.2, ""grounding_intervention_rate"": 0.4, ""num_ambiguous"": 0, ""num_missing"": 0, ""num_preview_rows"": 8, ""num_unsupported_non_file_claim"": 0, ""num_weak_match"": 8, ""preview_intervention_rate"": 0.7999999999999999}",0.4800000000000001,0.1,0.048000000000000015
s41597-023-02717-8,logical_schema_score,"{""column_rate"": 0.8, ""format_rate"": 1.0, ""num_logical_files"": 5, ""path_pattern_rate"": 1.0}",0.94,0.2,0.188
s41597-023-02717-8,physical_grounding_score,"{""num_ambiguous"": 1, ""num_file_grounding_applicable"": 5, ""num_missing"": 2, ""num_resolved"": 1, ""num_unsupported_non_file_claim"": 0, ""num_weak_match"": 1}",0.35,0.3,0.105
s41597-023-02717-8,executable_preview_score,"{""category_counts"": {""csv_encoding_error"": 1, ""missing_optional_dependency_xlrd"": 1, ""tabular_preview_success"": 3}, ""category_weights"": {""archive_artifact_requires_unpacking"": 0.4, ""code_or_notebook_artifact_not_tabular"": 0.2, ""csv_encoding_error"": 0.55, ""document_or_text_artifact_not_tabular"": 0.2, ""image_artifact_not_tabular"": 0.1, ""missing_optional_dependency_xlrd"": 0.7, ""missing_or_unrecognized_suffix"": 0.05, ""specialized_data_format_requires_loader"": 0.35, ""structured_metadata_not_tabular"": 0.3, ""tabular_preview_success"": 1.0, ""unsupported_format"": 0.0}, ""num_preview_rows"": 5}",0.85,0.2,0.17
s41597-023-02717-8,review_burden_score,"{""num_human_review_needed"": 4, ""num_logical_files"": 5, ""review_rate"": 0.8}",0.19999999999999996,0.2,0.039999999999999994
s41597-023-02717-8,intervention_need_score,"{""combined_intervention_rate"": 0.46499999999999997, ""grounding_intervention_points"": 3.0, ""grounding_intervention_rate"": 0.6, ""num_ambiguous"": 1, ""num_missing"": 2, ""num_preview_rows"": 5, ""num_unsupported_non_file_claim"": 0, ""num_weak_match"": 1, ""preview_intervention_rate"": 0.15}",0.535,0.1,0.053500000000000006
s41597-024-03120-7,logical_schema_score,"{""column_rate"": 1.0, ""format_rate"": 1.0, ""num_logical_files"": 8, ""path_pattern_rate"": 1.0}",1.0,0.2,0.2
s41597-024-03120-7,physical_grounding_score,"{""num_ambiguous"": 7, ""num_file_grounding_applicable"": 8, ""num_missing"": 0, ""num_resolved"": 0, ""num_unsupported_non_file_claim"": 0, ""num_weak_match"": 1}",0.4688,0.3,0.14064
s41597-024-03120-7,executable_preview_score,"{""category_counts"": {""archive_artifact_requires_unpacking"": 6, ""code_or_notebook_artifact_not_tabular"": 6, ""csv_encoding_error"": 1, ""document_or_text_artifact_not_tabular"": 1, ""specialized_data_format_requires_loader"": 1, ""structured_metadata_not_tabular"": 3, ""tabular_preview_success"": 3}, ""category_weights"": {""archive_artifact_requires_unpacking"": 0.4, ""code_or_notebook_artifact_not_tabular"": 0.2, ""csv_encoding_error"": 0.55, ""document_or_text_artifact_not_tabular"": 0.2, ""image_artifact_not_tabular"": 0.1, ""missing_optional_dependency_xlrd"": 0.7, ""missing_or_unrecognized_suffix"": 0.05, ""specialized_data_format_requires_loader"": 0.35, ""structured_metadata_not_tabular"": 0.3, ""tabular_preview_success"": 1.0, ""unsupported_format"": 0.0}, ""num_preview_rows"": 21}",0.4095238095238094,0.2,0.08190476190476188
s41597-024-03120-7,review_burden_score,"{""num_human_review_needed"": 8, ""num_logical_files"": 8, ""review_rate"": 1.0}",0.0,0.2,0.0
s41597-024-03120-7,intervention_need_score,"{""combined_intervention_rate"": 0.5796428571428571, ""grounding_intervention_points"": 4.6000000000000005, ""grounding_intervention_rate"": 0.5750000000000001, ""num_ambiguous"": 7, ""num_missing"": 0, ""num_preview_rows"": 21, ""num_unsupported_non_file_claim"": 0, ""num_weak_match"": 1, ""preview_intervention_rate"": 0.5904761904761905}",0.4203571428571429,0.1,0.04203571428571429
sdata2018310,logical_schema_score,"{""column_rate"": 1.0, ""format_rate"": 1.0, ""num_logical_files"": 3, ""path_pattern_rate"": 1.0}",1.0,0.2,0.2
sdata2018310,physical_grounding_score,"{""num_ambiguous"": 0, ""num_file_grounding_applicable"": 3, ""num_missing"": 3, ""num_resolved"": 0, ""num_unsupported_non_file_claim"": 0, ""num_weak_match"": 0}",0.0,0.3,0.0
sdata2018310,executable_preview_score,"{""num_preview_rows"": 0, ""reason"": ""no_preview_attempts""}",0.0,0.2,0.0
sdata2018310,review_burden_score,"{""num_human_review_needed"": 3, ""num_logical_files"": 3, ""review_rate"": 1.0}",0.0,0.2,0.0
sdata2018310,intervention_need_score,"{""combined_intervention_rate"": 1.0, ""grounding_intervention_points"": 3.0, ""grounding_intervention_rate"": 1.0, ""num_ambiguous"": 0, ""num_missing"": 3, ""num_preview_rows"": 0, ""num_unsupported_non_file_claim"": 0, ""num_weak_match"": 0, ""preview_intervention_rate"": 1.0}",0.0,0.1,0.0
s41597-020-00676-y,logical_schema_score,"{""column_rate"": 0.875, ""format_rate"": 1.0, ""num_logical_files"": 8, ""path_pattern_rate"": 1.0}",0.9624999999999999,0.2,0.1925
s41597-020-00676-y,physical_grounding_score,"{""num_ambiguous"": 0, ""num_file_grounding_applicable"": 8, ""num_missing"": 0, ""num_resolved"": 7, ""num_unsupported_non_file_claim"": 0, ""num_weak_match"": 1}",0.9062,0.3,0.27186
s41597-020-00676-y,executable_preview_score,"{""category_counts"": {""archive_artifact_requires_unpacking"": 1, ""tabular_preview_success"": 7}, ""category_weights"": {""archive_artifact_requires_unpacking"": 0.4, ""code_or_notebook_artifact_not_tabular"": 0.2, ""csv_encoding_error"": 0.55, ""document_or_text_artifact_not_tabular"": 0.2, ""image_artifact_not_tabular"": 0.1, ""missing_optional_dependency_xlrd"": 0.7, ""missing_or_unrecognized_suffix"": 0.05, ""specialized_data_format_requires_loader"": 0.35, ""structured_metadata_not_tabular"": 0.3, ""tabular_preview_success"": 1.0, ""unsupported_format"": 0.0}, ""num_preview_rows"": 8}",0.925,0.2,0.18500000000000003
s41597-020-00676-y,review_burden_score,"{""num_human_review_needed"": 1, ""num_logical_files"": 8, ""review_rate"": 0.125}",0.875,0.2,0.17500000000000002
s41597-020-00676-y,intervention_need_score,"{""combined_intervention_rate"": 0.057499999999999996, ""grounding_intervention_points"": 0.4, ""grounding_intervention_rate"": 0.05, ""num_ambiguous"": 0, ""num_missing"": 0, ""num_preview_rows"": 8, ""num_unsupported_non_file_claim"": 0, ""num_weak_match"": 1, ""preview_intervention_rate"": 0.075}",0.9425,0.1,0.09425
s41597-020-00682-0,logical_schema_score,"{""column_rate"": 0.7142857142857143, ""format_rate"": 1.0, ""num_logical_files"": 7, ""path_pattern_rate"": 1.0}",0.9142857142857143,0.2,0.18285714285714286
s41597-020-00682-0,physical_grounding_score,"{""num_ambiguous"": 0, ""num_file_grounding_applicable"": 7, ""num_missing"": 1, ""num_resolved"": 3, ""num_unsupported_non_file_claim"": 0, ""num_weak_match"": 3}",0.5357,0.3,0.16071
s41597-020-00682-0,executable_preview_score,"{""category_counts"": {""code_or_notebook_artifact_not_tabular"": 3, ""specialized_data_format_requires_loader"": 3}, ""category_weights"": {""archive_artifact_requires_unpacking"": 0.4, ""code_or_notebook_artifact_not_tabular"": 0.2, ""csv_encoding_error"": 0.55, ""document_or_text_artifact_not_tabular"": 0.2, ""image_artifact_not_tabular"": 0.1, ""missing_optional_dependency_xlrd"": 0.7, ""missing_or_unrecognized_suffix"": 0.05, ""specialized_data_format_requires_loader"": 0.35, ""structured_metadata_not_tabular"": 0.3, ""tabular_preview_success"": 1.0, ""unsupported_format"": 0.0}, ""num_preview_rows"": 6}",0.27499999999999997,0.2,0.05499999999999999
s41597-020-00682-0,review_burden_score,"{""num_human_review_needed"": 4, ""num_logical_files"": 7, ""review_rate"": 0.5714285714285714}",0.4285714285714286,0.2,0.08571428571428573
s41597-020-00682-0,intervention_need_score,"{""combined_intervention_rate"": 0.4375, ""grounding_intervention_points"": 2.2, ""grounding_intervention_rate"": 0.31428571428571433, ""num_ambiguous"": 0, ""num_missing"": 1, ""num_preview_rows"": 6, ""num_unsupported_non_file_claim"": 0, ""num_weak_match"": 3, ""preview_intervention_rate"": 0.725}",0.5625,0.1,0.05625
s41597-021-00844-8,logical_schema_score,"{""column_rate"": 0.5714285714285714, ""format_rate"": 1.0, ""num_logical_files"": 7, ""path_pattern_rate"": 1.0}",0.8714285714285713,0.2,0.17428571428571427
s41597-021-00844-8,physical_grounding_score,"{""num_ambiguous"": 0, ""num_file_grounding_applicable"": 7, ""num_missing"": 3, ""num_resolved"": 4, ""num_unsupported_non_file_claim"": 0, ""num_weak_match"": 0}",0.5714,0.3,0.17142
s41597-021-00844-8,executable_preview_score,"{""category_counts"": {""csv_encoding_error"": 4}, ""category_weights"": {""archive_artifact_requires_unpacking"": 0.4, ""code_or_notebook_artifact_not_tabular"": 0.2, ""csv_encoding_error"": 0.55, ""document_or_text_artifact_not_tabular"": 0.2, ""image_artifact_not_tabular"": 0.1, ""missing_optional_dependency_xlrd"": 0.7, ""missing_or_unrecognized_suffix"": 0.05, ""specialized_data_format_requires_loader"": 0.35, ""structured_metadata_not_tabular"": 0.3, ""tabular_preview_success"": 1.0, ""unsupported_format"": 0.0}, ""num_preview_rows"": 4}",0.55,0.2,0.11000000000000001
s41597-021-00844-8,review_burden_score,"{""num_human_review_needed"": 3, ""num_logical_files"": 7, ""review_rate"": 0.42857142857142855}",0.5714285714285714,0.2,0.11428571428571428
s41597-021-00844-8,intervention_need_score,"{""combined_intervention_rate"": 0.43499999999999994, ""grounding_intervention_points"": 3.0, ""grounding_intervention_rate"": 0.42857142857142855, ""num_ambiguous"": 0, ""num_missing"": 3, ""num_preview_rows"": 4, ""num_unsupported_non_file_claim"": 0, ""num_weak_match"": 0, ""preview_intervention_rate"": 0.44999999999999996}",0.5650000000000001,0.1,0.05650000000000001
s41597-022-01850-0,logical_schema_score,"{""column_rate"": 0.625, ""format_rate"": 1.0, ""num_logical_files"": 8, ""path_pattern_rate"": 1.0}",0.8875,0.2,0.1775
s41597-022-01850-0,physical_grounding_score,"{""num_ambiguous"": 1, ""num_file_grounding_applicable"": 8, ""num_missing"": 4, ""num_resolved"": 2, ""num_unsupported_non_file_claim"": 0, ""num_weak_match"": 1}",0.3438,0.3,0.10314
s41597-022-01850-0,executable_preview_score,"{""category_counts"": {""code_or_notebook_artifact_not_tabular"": 4, ""tabular_preview_success"": 1}, ""category_weights"": {""archive_artifact_requires_unpacking"": 0.4, ""code_or_notebook_artifact_not_tabular"": 0.2, ""csv_encoding_error"": 0.55, ""document_or_text_artifact_not_tabular"": 0.2, ""image_artifact_not_tabular"": 0.1, ""missing_optional_dependency_xlrd"": 0.7, ""missing_or_unrecognized_suffix"": 0.05, ""specialized_data_format_requires_loader"": 0.35, ""structured_metadata_not_tabular"": 0.3, ""tabular_preview_success"": 1.0, ""unsupported_format"": 0.0}, ""num_preview_rows"": 5}",0.36,0.2,0.072
s41597-022-01850-0,review_burden_score,"{""num_human_review_needed"": 6, ""num_logical_files"": 8, ""review_rate"": 0.75}",0.25,0.2,0.05
s41597-022-01850-0,intervention_need_score,"{""combined_intervention_rate"": 0.6295, ""grounding_intervention_points"": 5.0, ""grounding_intervention_rate"": 0.625, ""num_ambiguous"": 1, ""num_missing"": 4, ""num_preview_rows"": 5, ""num_unsupported_non_file_claim"": 0, ""num_weak_match"": 1, ""preview_intervention_rate"": 0.64}",0.37050000000000005,0.1,0.03705000000000001
s41597-020-00609-9,logical_schema_score,"{""column_rate"": 0.5, ""format_rate"": 0.625, ""num_logical_files"": 8, ""path_pattern_rate"": 1.0}",0.7375,0.2,0.14750000000000002
s41597-020-00609-9,physical_grounding_score,"{""num_ambiguous"": 2, ""num_file_grounding_applicable"": 8, ""num_missing"": 2, ""num_resolved"": 3, ""num_unsupported_non_file_claim"": 0, ""num_weak_match"": 1}",0.5312,0.3,0.15936
s41597-020-00609-9,executable_preview_score,"{""category_counts"": {""csv_encoding_error"": 6, ""document_or_text_artifact_not_tabular"": 3}, ""category_weights"": {""archive_artifact_requires_unpacking"": 0.4, ""code_or_notebook_artifact_not_tabular"": 0.2, ""csv_encoding_error"": 0.55, ""document_or_text_artifact_not_tabular"": 0.2, ""image_artifact_not_tabular"": 0.1, ""missing_optional_dependency_xlrd"": 0.7, ""missing_or_unrecognized_suffix"": 0.05, ""specialized_data_format_requires_loader"": 0.35, ""structured_metadata_not_tabular"": 0.3, ""tabular_preview_success"": 1.0, ""unsupported_format"": 0.0}, ""num_preview_rows"": 9}",0.43333333333333335,0.2,0.08666666666666667
s41597-020-00609-9,review_burden_score,"{""num_human_review_needed"": 5, ""num_logical_files"": 8, ""review_rate"": 0.625}",0.375,0.2,0.07500000000000001
s41597-020-00609-9,intervention_need_score,"{""combined_intervention_rate"": 0.485, ""grounding_intervention_points"": 3.6, ""grounding_intervention_rate"": 0.45, ""num_ambiguous"": 2, ""num_missing"": 2, ""num_preview_rows"": 9, ""num_unsupported_non_file_claim"": 0, ""num_weak_match"": 1, ""preview_intervention_rate"": 0.5666666666666667}",0.515,0.1,0.051500000000000004
s41597-023-01947-0,logical_schema_score,"{""column_rate"": 1.0, ""format_rate"": 1.0, ""num_logical_files"": 5, ""path_pattern_rate"": 1.0}",1.0,0.2,0.2
s41597-023-01947-0,physical_grounding_score,"{""num_ambiguous"": 5, ""num_file_grounding_applicable"": 5, ""num_missing"": 0, ""num_resolved"": 0, ""num_unsupported_non_file_claim"": 0, ""num_weak_match"": 0}",0.5,0.3,0.15
s41597-023-01947-0,executable_preview_score,"{""category_counts"": {""code_or_notebook_artifact_not_tabular"": 4, ""specialized_data_format_requires_loader"": 2, ""tabular_preview_success"": 9}, ""category_weights"": {""archive_artifact_requires_unpacking"": 0.4, ""code_or_notebook_artifact_not_tabular"": 0.2, ""csv_encoding_error"": 0.55, ""document_or_text_artifact_not_tabular"": 0.2, ""image_artifact_not_tabular"": 0.1, ""missing_optional_dependency_xlrd"": 0.7, ""missing_or_unrecognized_suffix"": 0.05, ""specialized_data_format_requires_loader"": 0.35, ""structured_metadata_not_tabular"": 0.3, ""tabular_preview_success"": 1.0, ""unsupported_format"": 0.0}, ""num_preview_rows"": 15}",0.7,0.2,0.13999999999999999
s41597-023-01947-0,review_burden_score,"{""num_human_review_needed"": 5, ""num_logical_files"": 5, ""review_rate"": 1.0}",0.0,0.2,0.0
s41597-023-01947-0,intervention_need_score,"{""combined_intervention_rate"": 0.51, ""grounding_intervention_points"": 3.0, ""grounding_intervention_rate"": 0.6, ""num_ambiguous"": 5, ""num_missing"": 0, ""num_preview_rows"": 15, ""num_unsupported_non_file_claim"": 0, ""num_weak_match"": 0, ""preview_intervention_rate"": 0.3}",0.49,0.1,0.049
s41597-023-02310-z,logical_schema_score,"{""column_rate"": 1.0, ""format_rate"": 1.0, ""num_logical_files"": 2, ""path_pattern_rate"": 1.0}",1.0,0.2,0.2
s41597-023-02310-z,physical_grounding_score,"{""num_ambiguous"": 1, ""num_file_grounding_applicable"": 2, ""num_missing"": 1, ""num_resolved"": 0, ""num_unsupported_non_file_claim"": 0, ""num_weak_match"": 0}",0.25,0.3,0.075
s41597-023-02310-z,executable_preview_score,"{""category_counts"": {""tabular_preview_success"": 3}, ""category_weights"": {""archive_artifact_requires_unpacking"": 0.4, ""code_or_notebook_artifact_not_tabular"": 0.2, ""csv_encoding_error"": 0.55, ""document_or_text_artifact_not_tabular"": 0.2, ""image_artifact_not_tabular"": 0.1, ""missing_optional_dependency_xlrd"": 0.7, ""missing_or_unrecognized_suffix"": 0.05, ""specialized_data_format_requires_loader"": 0.35, ""structured_metadata_not_tabular"": 0.3, ""tabular_preview_success"": 1.0, ""unsupported_format"": 0.0}, ""num_preview_rows"": 3}",1.0,0.2,0.2
s41597-023-02310-z,review_burden_score,"{""num_human_review_needed"": 2, ""num_logical_files"": 2, ""review_rate"": 1.0}",0.0,0.2,0.0
s41597-023-02310-z,intervention_need_score,"{""combined_intervention_rate"": 0.5599999999999999, ""grounding_intervention_points"": 1.6, ""grounding_intervention_rate"": 0.8, ""num_ambiguous"": 1, ""num_missing"": 1, ""num_preview_rows"": 3, ""num_unsupported_non_file_claim"": 0, ""num_weak_match"": 0, ""preview_intervention_rate"": 0.0}",0.44000000000000006,0.1,0.04400000000000001
s41597-020-0455-1,logical_schema_score,"{""column_rate"": 1.0, ""format_rate"": 1.0, ""num_logical_files"": 8, ""path_pattern_rate"": 1.0}",1.0,0.2,0.2
s41597-020-0455-1,physical_grounding_score,"{""num_ambiguous"": 3, ""num_file_grounding_applicable"": 8, ""num_missing"": 3, ""num_resolved"": 2, ""num_unsupported_non_file_claim"": 0, ""num_weak_match"": 0}",0.4375,0.3,0.13125
s41597-020-0455-1,executable_preview_score,"{""category_counts"": {""archive_artifact_requires_unpacking"": 1, ""specialized_data_format_requires_loader"": 2, ""tabular_preview_success"": 5}, ""category_weights"": {""archive_artifact_requires_unpacking"": 0.4, ""code_or_notebook_artifact_not_tabular"": 0.2, ""csv_encoding_error"": 0.55, ""document_or_text_artifact_not_tabular"": 0.2, ""image_artifact_not_tabular"": 0.1, ""missing_optional_dependency_xlrd"": 0.7, ""missing_or_unrecognized_suffix"": 0.05, ""specialized_data_format_requires_loader"": 0.35, ""structured_metadata_not_tabular"": 0.3, ""tabular_preview_success"": 1.0, ""unsupported_format"": 0.0}, ""num_preview_rows"": 8}",0.7625,0.2,0.1525
s41597-020-0455-1,review_burden_score,"{""num_human_review_needed"": 6, ""num_logical_files"": 8, ""review_rate"": 0.75}",0.25,0.2,0.05
s41597-020-0455-1,intervention_need_score,"{""combined_intervention_rate"": 0.49124999999999996, ""grounding_intervention_points"": 4.8, ""grounding_intervention_rate"": 0.6, ""num_ambiguous"": 3, ""num_missing"": 3, ""num_preview_rows"": 8, ""num_unsupported_non_file_claim"": 0, ""num_weak_match"": 0, ""preview_intervention_rate"": 0.2375}",0.50875,0.1,0.050875000000000004
s41597-020-00610-2,logical_schema_score,"{""column_rate"": 0.75, ""format_rate"": 1.0, ""num_logical_files"": 4, ""path_pattern_rate"": 1.0}",0.9249999999999999,0.2,0.185
s41597-020-00610-2,physical_grounding_score,"{""num_ambiguous"": 1, ""num_file_grounding_applicable"": 4, ""num_missing"": 1, ""num_resolved"": 2, ""num_unsupported_non_file_claim"": 0, ""num_weak_match"": 0}",0.625,0.3,0.1875
s41597-020-00610-2,executable_preview_score,"{""category_counts"": {""document_or_text_artifact_not_tabular"": 3, ""tabular_preview_success"": 2}, ""category_weights"": {""archive_artifact_requires_unpacking"": 0.4, ""code_or_notebook_artifact_not_tabular"": 0.2, ""csv_encoding_error"": 0.55, ""document_or_text_artifact_not_tabular"": 0.2, ""image_artifact_not_tabular"": 0.1, ""missing_optional_dependency_xlrd"": 0.7, ""missing_or_unrecognized_suffix"": 0.05, ""specialized_data_format_requires_loader"": 0.35, ""structured_metadata_not_tabular"": 0.3, ""tabular_preview_success"": 1.0, ""unsupported_format"": 0.0}, ""num_preview_rows"": 5}",0.5200000000000001,0.2,0.10400000000000004
s41597-020-00610-2,review_burden_score,"{""num_human_review_needed"": 2, ""num_logical_files"": 4, ""review_rate"": 0.5}",0.5,0.2,0.1
s41597-020-00610-2,intervention_need_score,"{""combined_intervention_rate"": 0.424, ""grounding_intervention_points"": 1.6, ""grounding_intervention_rate"": 0.4, ""num_ambiguous"": 1, ""num_missing"": 1, ""num_preview_rows"": 5, ""num_unsupported_non_file_claim"": 0, ""num_weak_match"": 0, ""preview_intervention_rate"": 0.4800000000000001}",0.5760000000000001,0.1,0.05760000000000001
s41597-020-00712-x,logical_schema_score,"{""column_rate"": 1.0, ""format_rate"": 1.0, ""num_logical_files"": 7, ""path_pattern_rate"": 1.0}",1.0,0.2,0.2
s41597-020-00712-x,physical_grounding_score,"{""num_ambiguous"": 1, ""num_file_grounding_applicable"": 7, ""num_missing"": 0, ""num_resolved"": 6, ""num_unsupported_non_file_claim"": 0, ""num_weak_match"": 0}",0.9286,0.3,0.27858
s41597-020-00712-x,executable_preview_score,"{""category_counts"": {""tabular_preview_success"": 9}, ""category_weights"": {""archive_artifact_requires_unpacking"": 0.4, ""code_or_notebook_artifact_not_tabular"": 0.2, ""csv_encoding_error"": 0.55, ""document_or_text_artifact_not_tabular"": 0.2, ""image_artifact_not_tabular"": 0.1, ""missing_optional_dependency_xlrd"": 0.7, ""missing_or_unrecognized_suffix"": 0.05, ""specialized_data_format_requires_loader"": 0.35, ""structured_metadata_not_tabular"": 0.3, ""tabular_preview_success"": 1.0, ""unsupported_format"": 0.0}, ""num_preview_rows"": 9}",1.0,0.2,0.2
s41597-020-00712-x,review_burden_score,"{""num_human_review_needed"": 1, ""num_logical_files"": 7, ""review_rate"": 0.14285714285714285}",0.8571428571428572,0.2,0.17142857142857146
s41597-020-00712-x,intervention_need_score,"{""combined_intervention_rate"": 0.06, ""grounding_intervention_points"": 0.6, ""grounding_intervention_rate"": 0.08571428571428572, ""num_ambiguous"": 1, ""num_missing"": 0, ""num_preview_rows"": 9, ""num_unsupported_non_file_claim"": 0, ""num_weak_match"": 0, ""preview_intervention_rate"": 0.0}",0.94,0.1,0.094
s41597-020-00757-y,logical_schema_score,"{""column_rate"": 0.5, ""format_rate"": 1.0, ""num_logical_files"": 4, ""path_pattern_rate"": 1.0}",0.85,0.2,0.17
s41597-020-00757-y,physical_grounding_score,"{""num_ambiguous"": 1, ""num_file_grounding_applicable"": 4, ""num_missing"": 0, ""num_resolved"": 3, ""num_unsupported_non_file_claim"": 0, ""num_weak_match"": 0}",0.875,0.3,0.2625
s41597-020-00757-y,executable_preview_score,"{""category_counts"": {""code_or_notebook_artifact_not_tabular"": 3, ""specialized_data_format_requires_loader"": 1, ""tabular_preview_success"": 1}, ""category_weights"": {""archive_artifact_requires_unpacking"": 0.4, ""code_or_notebook_artifact_not_tabular"": 0.2, ""csv_encoding_error"": 0.55, ""document_or_text_artifact_not_tabular"": 0.2, ""image_artifact_not_tabular"": 0.1, ""missing_optional_dependency_xlrd"": 0.7, ""missing_or_unrecognized_suffix"": 0.05, ""specialized_data_format_requires_loader"": 0.35, ""structured_metadata_not_tabular"": 0.3, ""tabular_preview_success"": 1.0, ""unsupported_format"": 0.0}, ""num_preview_rows"": 5}",0.39,0.2,0.07800000000000001
s41597-020-00757-y,review_burden_score,"{""num_human_review_needed"": 1, ""num_logical_files"": 4, ""review_rate"": 0.25}",0.75,0.2,0.15000000000000002
s41597-020-00757-y,intervention_need_score,"{""combined_intervention_rate"": 0.288, ""grounding_intervention_points"": 0.6, ""grounding_intervention_rate"": 0.15, ""num_ambiguous"": 1, ""num_missing"": 0, ""num_preview_rows"": 5, ""num_unsupported_non_file_claim"": 0, ""num_weak_match"": 0, ""preview_intervention_rate"": 0.61}",0.712,0.1,0.0712
s41597-021-00816-y,logical_schema_score,"{""column_rate"": 1.0, ""format_rate"": 1.0, ""num_logical_files"": 3, ""path_pattern_rate"": 1.0}",1.0,0.2,0.2
s41597-021-00816-y,physical_grounding_score,"{""num_ambiguous"": 3, ""num_file_grounding_applicable"": 3, ""num_missing"": 0, ""num_resolved"": 0, ""num_unsupported_non_file_claim"": 0, ""num_weak_match"": 0}",0.5,0.3,0.15
s41597-021-00816-y,executable_preview_score,"{""category_counts"": {""structured_metadata_not_tabular"": 5, ""tabular_preview_success"": 4}, ""category_weights"": {""archive_artifact_requires_unpacking"": 0.4, ""code_or_notebook_artifact_not_tabular"": 0.2, ""csv_encoding_error"": 0.55, ""document_or_text_artifact_not_tabular"": 0.2, ""image_artifact_not_tabular"": 0.1, ""missing_optional_dependency_xlrd"": 0.7, ""missing_or_unrecognized_suffix"": 0.05, ""specialized_data_format_requires_loader"": 0.35, ""structured_metadata_not_tabular"": 0.3, ""tabular_preview_success"": 1.0, ""unsupported_format"": 0.0}, ""num_preview_rows"": 9}",0.611111111111111,0.2,0.12222222222222222
s41597-021-00816-y,review_burden_score,"{""num_human_review_needed"": 3, ""num_logical_files"": 3, ""review_rate"": 1.0}",0.0,0.2,0.0
s41597-021-00816-y,intervention_need_score,"{""combined_intervention_rate"": 0.5366666666666666, ""grounding_intervention_points"": 1.7999999999999998, ""grounding_intervention_rate"": 0.6, ""num_ambiguous"": 3, ""num_missing"": 0, ""num_preview_rows"": 9, ""num_unsupported_non_file_claim"": 0, ""num_weak_match"": 0, ""preview_intervention_rate"": 0.3888888888888889}",0.4633333333333334,0.1,0.04633333333333334
s41597-022-01141-8,logical_schema_score,"{""column_rate"": 0.625, ""format_rate"": 0.875, ""num_logical_files"": 8, ""path_pattern_rate"": 1.0}",0.8500000000000001,0.2,0.17000000000000004
s41597-022-01141-8,physical_grounding_score,"{""num_ambiguous"": 1, ""num_file_grounding_applicable"": 8, ""num_missing"": 7, ""num_resolved"": 0, ""num_unsupported_non_file_claim"": 0, ""num_weak_match"": 0}",0.0625,0.3,0.01875
s41597-022-01141-8,executable_preview_score,"{""category_counts"": {""code_or_notebook_artifact_not_tabular"": 1, ""document_or_text_artifact_not_tabular"": 1}, ""category_weights"": {""archive_artifact_requires_unpacking"": 0.4, ""code_or_notebook_artifact_not_tabular"": 0.2, ""csv_encoding_error"": 0.55, ""document_or_text_artifact_not_tabular"": 0.2, ""image_artifact_not_tabular"": 0.1, ""missing_optional_dependency_xlrd"": 0.7, ""missing_or_unrecognized_suffix"": 0.05, ""specialized_data_format_requires_loader"": 0.35, ""structured_metadata_not_tabular"": 0.3, ""tabular_preview_success"": 1.0, ""unsupported_format"": 0.0}, ""num_preview_rows"": 2}",0.2,0.2,0.04000000000000001
s41597-022-01141-8,review_burden_score,"{""num_human_review_needed"": 8, ""num_logical_files"": 8, ""review_rate"": 1.0}",0.0,0.2,0.0
s41597-022-01141-8,intervention_need_score,"{""combined_intervention_rate"": 0.9049999999999999, ""grounding_intervention_points"": 7.6, ""grounding_intervention_rate"": 0.95, ""num_ambiguous"": 1, ""num_missing"": 7, ""num_preview_rows"": 2, ""num_unsupported_non_file_claim"": 0, ""num_weak_match"": 0, ""preview_intervention_rate"": 0.8}",0.09500000000000008,0.1,0.009500000000000008
s41597-022-01255-z,logical_schema_score,"{""column_rate"": 0.6666666666666666, ""format_rate"": 1.0, ""num_logical_files"": 6, ""path_pattern_rate"": 1.0}",0.8999999999999999,0.2,0.18
s41597-022-01255-z,physical_grounding_score,"{""num_ambiguous"": 0, ""num_file_grounding_applicable"": 6, ""num_missing"": 0, ""num_resolved"": 6, ""num_unsupported_non_file_claim"": 0, ""num_weak_match"": 0}",1.0,0.3,0.3
s41597-022-01255-z,executable_preview_score,"{""category_counts"": {""code_or_notebook_artifact_not_tabular"": 2, ""tabular_preview_success"": 4}, ""category_weights"": {""archive_artifact_requires_unpacking"": 0.4, ""code_or_notebook_artifact_not_tabular"": 0.2, ""csv_encoding_error"": 0.55, ""document_or_text_artifact_not_tabular"": 0.2, ""image_artifact_not_tabular"": 0.1, ""missing_optional_dependency_xlrd"": 0.7, ""missing_or_unrecognized_suffix"": 0.05, ""specialized_data_format_requires_loader"": 0.35, ""structured_metadata_not_tabular"": 0.3, ""tabular_preview_success"": 1.0, ""unsupported_format"": 0.0}, ""num_preview_rows"": 6}",0.7333333333333334,0.2,0.1466666666666667
s41597-022-01255-z,review_burden_score,"{""num_human_review_needed"": 0, ""num_logical_files"": 6, ""review_rate"": 0.0}",1.0,0.2,0.2
s41597-022-01255-z,intervention_need_score,"{""combined_intervention_rate"": 0.08, ""grounding_intervention_points"": 0.0, ""grounding_intervention_rate"": 0.0, ""num_ambiguous"": 0, ""num_missing"": 0, ""num_preview_rows"": 6, ""num_unsupported_non_file_claim"": 0, ""num_weak_match"": 0, ""preview_intervention_rate"": 0.26666666666666666}",0.92,0.1,0.09200000000000001
s41597-022-01432-0,logical_schema_score,"{""column_rate"": 0.8333333333333334, ""format_rate"": 1.0, ""num_logical_files"": 6, ""path_pattern_rate"": 1.0}",0.95,0.2,0.19
s41597-022-01432-0,physical_grounding_score,"{""num_ambiguous"": 1, ""num_file_grounding_applicable"": 6, ""num_missing"": 0, ""num_resolved"": 5, ""num_unsupported_non_file_claim"": 0, ""num_weak_match"": 0}",0.9167,0.3,0.27501
s41597-022-01432-0,executable_preview_score,"{""category_counts"": {""document_or_text_artifact_not_tabular"": 2, ""structured_metadata_not_tabular"": 4, ""tabular_preview_success"": 1}, ""category_weights"": {""archive_artifact_requires_unpacking"": 0.4, ""code_or_notebook_artifact_not_tabular"": 0.2, ""csv_encoding_error"": 0.55, ""document_or_text_artifact_not_tabular"": 0.2, ""image_artifact_not_tabular"": 0.1, ""missing_optional_dependency_xlrd"": 0.7, ""missing_or_unrecognized_suffix"": 0.05, ""specialized_data_format_requires_loader"": 0.35, ""structured_metadata_not_tabular"": 0.3, ""tabular_preview_success"": 1.0, ""unsupported_format"": 0.0}, ""num_preview_rows"": 7}",0.3714285714285715,0.2,0.0742857142857143
s41597-022-01432-0,review_burden_score,"{""num_human_review_needed"": 1, ""num_logical_files"": 6, ""review_rate"": 0.16666666666666666}",0.8333333333333334,0.2,0.16666666666666669
s41597-022-01432-0,intervention_need_score,"{""combined_intervention_rate"": 0.2585714285714285, ""grounding_intervention_points"": 0.6, ""grounding_intervention_rate"": 0.09999999999999999, ""num_ambiguous"": 1, ""num_missing"": 0, ""num_preview_rows"": 7, ""num_unsupported_non_file_claim"": 0, ""num_weak_match"": 0, ""preview_intervention_rate"": 0.6285714285714284}",0.7414285714285715,0.1,0.07414285714285716
s41597-022-01437-9,logical_schema_score,"{""column_rate"": 1.0, ""format_rate"": 1.0, ""num_logical_files"": 5, ""path_pattern_rate"": 1.0}",1.0,0.2,0.2
s41597-022-01437-9,physical_grounding_score,"{""num_ambiguous"": 2, ""num_file_grounding_applicable"": 5, ""num_missing"": 0, ""num_resolved"": 3, ""num_unsupported_non_file_claim"": 0, ""num_weak_match"": 0}",0.8,0.3,0.24
s41597-022-01437-9,executable_preview_score,"{""category_counts"": {""archive_artifact_requires_unpacking"": 2, ""csv_encoding_error"": 1, ""specialized_data_format_requires_loader"": 2, ""tabular_preview_success"": 4}, ""category_weights"": {""archive_artifact_requires_unpacking"": 0.4, ""code_or_notebook_artifact_not_tabular"": 0.2, ""csv_encoding_error"": 0.55, ""document_or_text_artifact_not_tabular"": 0.2, ""image_artifact_not_tabular"": 0.1, ""missing_optional_dependency_xlrd"": 0.7, ""missing_or_unrecognized_suffix"": 0.05, ""specialized_data_format_requires_loader"": 0.35, ""structured_metadata_not_tabular"": 0.3, ""tabular_preview_success"": 1.0, ""unsupported_format"": 0.0}, ""num_preview_rows"": 9}",0.6722222222222222,0.2,0.13444444444444445
s41597-022-01437-9,review_burden_score,"{""num_human_review_needed"": 2, ""num_logical_files"": 5, ""review_rate"": 0.4}",0.6,0.2,0.12
s41597-022-01437-9,intervention_need_score,"{""combined_intervention_rate"": 0.2663333333333333, ""grounding_intervention_points"": 1.2, ""grounding_intervention_rate"": 0.24, ""num_ambiguous"": 2, ""num_missing"": 0, ""num_preview_rows"": 9, ""num_unsupported_non_file_claim"": 0, ""num_weak_match"": 0, ""preview_intervention_rate"": 0.3277777777777778}",0.7336666666666667,0.1,0.07336666666666668
s41597-022-01704-9,logical_schema_score,"{""column_rate"": 0.5, ""format_rate"": 0.875, ""num_logical_files"": 8, ""path_pattern_rate"": 1.0}",0.8125000000000001,0.2,0.16250000000000003
s41597-022-01704-9,physical_grounding_score,"{""num_ambiguous"": 0, ""num_file_grounding_applicable"": 8, ""num_missing"": 0, ""num_resolved"": 8, ""num_unsupported_non_file_claim"": 0, ""num_weak_match"": 0}",1.0,0.3,0.3
s41597-022-01704-9,executable_preview_score,"{""category_counts"": {""code_or_notebook_artifact_not_tabular"": 2, ""csv_encoding_error"": 3, ""document_or_text_artifact_not_tabular"": 1, ""tabular_preview_success"": 1, ""unsupported_format"": 1}, ""category_weights"": {""archive_artifact_requires_unpacking"": 0.4, ""code_or_notebook_artifact_not_tabular"": 0.2, ""csv_encoding_error"": 0.55, ""document_or_text_artifact_not_tabular"": 0.2, ""image_artifact_not_tabular"": 0.1, ""missing_optional_dependency_xlrd"": 0.7, ""missing_or_unrecognized_suffix"": 0.05, ""specialized_data_format_requires_loader"": 0.35, ""structured_metadata_not_tabular"": 0.3, ""tabular_preview_success"": 1.0, ""unsupported_format"": 0.0}, ""num_preview_rows"": 8}",0.4062500000000001,0.2,0.08125000000000003
s41597-022-01704-9,review_burden_score,"{""num_human_review_needed"": 0, ""num_logical_files"": 8, ""review_rate"": 0.0}",1.0,0.2,0.2
s41597-022-01704-9,intervention_need_score,"{""combined_intervention_rate"": 0.17812499999999995, ""grounding_intervention_points"": 0.0, ""grounding_intervention_rate"": 0.0, ""num_ambiguous"": 0, ""num_missing"": 0, ""num_preview_rows"": 8, ""num_unsupported_non_file_claim"": 0, ""num_weak_match"": 0, ""preview_intervention_rate"": 0.5937499999999999}",0.821875,0.1,0.08218750000000001
s41597-022-01788-3,logical_schema_score,"{""column_rate"": 1.0, ""format_rate"": 1.0, ""num_logical_files"": 8, ""path_pattern_rate"": 1.0}",1.0,0.2,0.2
s41597-022-01788-3,physical_grounding_score,"{""num_ambiguous"": 0, ""num_file_grounding_applicable"": 8, ""num_missing"": 1, ""num_resolved"": 6, ""num_unsupported_non_file_claim"": 0, ""num_weak_match"": 1}",0.7812,0.3,0.23435999999999998
s41597-022-01788-3,executable_preview_score,"{""category_counts"": {""tabular_preview_success"": 7}, ""category_weights"": {""archive_artifact_requires_unpacking"": 0.4, ""code_or_notebook_artifact_not_tabular"": 0.2, ""csv_encoding_error"": 0.55, ""document_or_text_artifact_not_tabular"": 0.2, ""image_artifact_not_tabular"": 0.1, ""missing_optional_dependency_xlrd"": 0.7, ""missing_or_unrecognized_suffix"": 0.05, ""specialized_data_format_requires_loader"": 0.35, ""structured_metadata_not_tabular"": 0.3, ""tabular_preview_success"": 1.0, ""unsupported_format"": 0.0}, ""num_preview_rows"": 7}",1.0,0.2,0.2
s41597-022-01788-3,review_burden_score,"{""num_human_review_needed"": 2, ""num_logical_files"": 8, ""review_rate"": 0.25}",0.75,0.2,0.15000000000000002
s41597-022-01788-3,intervention_need_score,"{""combined_intervention_rate"": 0.12249999999999998, ""grounding_intervention_points"": 1.4, ""grounding_intervention_rate"": 0.175, ""num_ambiguous"": 0, ""num_missing"": 1, ""num_preview_rows"": 7, ""num_unsupported_non_file_claim"": 0, ""num_weak_match"": 1, ""preview_intervention_rate"": 0.0}",0.8775000000000001,0.1,0.08775000000000001
s41597-023-02676-0,logical_schema_score,"{""column_rate"": 0.875, ""format_rate"": 1.0, ""num_logical_files"": 8, ""path_pattern_rate"": 1.0}",0.9624999999999999,0.2,0.1925
s41597-023-02676-0,physical_grounding_score,"{""num_ambiguous"": 6, ""num_file_grounding_applicable"": 8, ""num_missing"": 1, ""num_resolved"": 1, ""num_unsupported_non_file_claim"": 0, ""num_weak_match"": 0}",0.5,0.3,0.15
s41597-023-02676-0,executable_preview_score,"{""category_counts"": {""tabular_preview_success"": 19}, ""category_weights"": {""archive_artifact_requires_unpacking"": 0.4, ""code_or_notebook_artifact_not_tabular"": 0.2, ""csv_encoding_error"": 0.55, ""document_or_text_artifact_not_tabular"": 0.2, ""image_artifact_not_tabular"": 0.1, ""missing_optional_dependency_xlrd"": 0.7, ""missing_or_unrecognized_suffix"": 0.05, ""specialized_data_format_requires_loader"": 0.35, ""structured_metadata_not_tabular"": 0.3, ""tabular_preview_success"": 1.0, ""unsupported_format"": 0.0}, ""num_preview_rows"": 19}",1.0,0.2,0.2
s41597-023-02676-0,review_burden_score,"{""num_human_review_needed"": 7, ""num_logical_files"": 8, ""review_rate"": 0.875}",0.125,0.2,0.025
s41597-023-02676-0,intervention_need_score,"{""combined_intervention_rate"": 0.40249999999999997, ""grounding_intervention_points"": 4.6, ""grounding_intervention_rate"": 0.575, ""num_ambiguous"": 6, ""num_missing"": 1, ""num_preview_rows"": 19, ""num_unsupported_non_file_claim"": 0, ""num_weak_match"": 0, ""preview_intervention_rate"": 0.0}",0.5975,0.1,0.059750000000000004
s41597-024-03368-z,logical_schema_score,"{""column_rate"": 0.875, ""format_rate"": 0.875, ""num_logical_files"": 8, ""path_pattern_rate"": 1.0}",0.925,0.2,0.18500000000000003
s41597-024-03368-z,physical_grounding_score,"{""num_ambiguous"": 1, ""num_file_grounding_applicable"": 8, ""num_missing"": 0, ""num_resolved"": 7, ""num_unsupported_non_file_claim"": 0, ""num_weak_match"": 0}",0.9375,0.3,0.28125
s41597-024-03368-z,executable_preview_score,"{""category_counts"": {""structured_metadata_not_tabular"": 1, ""tabular_preview_success"": 7, ""unsupported_format"": 2}, ""category_weights"": {""archive_artifact_requires_unpacking"": 0.4, ""code_or_notebook_artifact_not_tabular"": 0.2, ""csv_encoding_error"": 0.55, ""document_or_text_artifact_not_tabular"": 0.2, ""image_artifact_not_tabular"": 0.1, ""missing_optional_dependency_xlrd"": 0.7, ""missing_or_unrecognized_suffix"": 0.05, ""specialized_data_format_requires_loader"": 0.35, ""structured_metadata_not_tabular"": 0.3, ""tabular_preview_success"": 1.0, ""unsupported_format"": 0.0}, ""num_preview_rows"": 10}",0.73,0.2,0.146
s41597-024-03368-z,review_burden_score,"{""num_human_review_needed"": 1, ""num_logical_files"": 8, ""review_rate"": 0.125}",0.875,0.2,0.17500000000000002
s41597-024-03368-z,intervention_need_score,"{""combined_intervention_rate"": 0.1335, ""grounding_intervention_points"": 0.6, ""grounding_intervention_rate"": 0.075, ""num_ambiguous"": 1, ""num_missing"": 0, ""num_preview_rows"": 10, ""num_unsupported_non_file_claim"": 0, ""num_weak_match"": 0, ""preview_intervention_rate"": 0.27}",0.8665,0.1,0.08665
s41597-024-03414-w,logical_schema_score,"{""column_rate"": 1.0, ""format_rate"": 1.0, ""num_logical_files"": 8, ""path_pattern_rate"": 1.0}",1.0,0.2,0.2
s41597-024-03414-w,physical_grounding_score,"{""num_ambiguous"": 8, ""num_file_grounding_applicable"": 8, ""num_missing"": 0, ""num_resolved"": 0, ""num_unsupported_non_file_claim"": 0, ""num_weak_match"": 0}",0.5,0.3,0.15
s41597-024-03414-w,executable_preview_score,"{""category_counts"": {""tabular_preview_success"": 24}, ""category_weights"": {""archive_artifact_requires_unpacking"": 0.4, ""code_or_notebook_artifact_not_tabular"": 0.2, ""csv_encoding_error"": 0.55, ""document_or_text_artifact_not_tabular"": 0.2, ""image_artifact_not_tabular"": 0.1, ""missing_optional_dependency_xlrd"": 0.7, ""missing_or_unrecognized_suffix"": 0.05, ""specialized_data_format_requires_loader"": 0.35, ""structured_metadata_not_tabular"": 0.3, ""tabular_preview_success"": 1.0, ""unsupported_format"": 0.0}, ""num_preview_rows"": 24}",1.0,0.2,0.2
s41597-024-03414-w,review_burden_score,"{""num_human_review_needed"": 8, ""num_logical_files"": 8, ""review_rate"": 1.0}",0.0,0.2,0.0
s41597-024-03414-w,intervention_need_score,"{""combined_intervention_rate"": 0.42, ""grounding_intervention_points"": 4.8, ""grounding_intervention_rate"": 0.6, ""num_ambiguous"": 8, ""num_missing"": 0, ""num_preview_rows"": 24, ""num_unsupported_non_file_claim"": 0, ""num_weak_match"": 0, ""preview_intervention_rate"": 0.0}",0.5800000000000001,0.1,0.05800000000000001
s41597-024-04232-w,logical_schema_score,"{""column_rate"": 1.0, ""format_rate"": 1.0, ""num_logical_files"": 8, ""path_pattern_rate"": 1.0}",1.0,0.2,0.2
s41597-024-04232-w,physical_grounding_score,"{""num_ambiguous"": 1, ""num_file_grounding_applicable"": 8, ""num_missing"": 0, ""num_resolved"": 7, ""num_unsupported_non_file_claim"": 0, ""num_weak_match"": 0}",0.9375,0.3,0.28125
s41597-024-04232-w,executable_preview_score,"{""category_counts"": {""tabular_preview_success"": 9, ""unsupported_format"": 1}, ""category_weights"": {""archive_artifact_requires_unpacking"": 0.4, ""code_or_notebook_artifact_not_tabular"": 0.2, ""csv_encoding_error"": 0.55, ""document_or_text_artifact_not_tabular"": 0.2, ""image_artifact_not_tabular"": 0.1, ""missing_optional_dependency_xlrd"": 0.7, ""missing_or_unrecognized_suffix"": 0.05, ""specialized_data_format_requires_loader"": 0.35, ""structured_metadata_not_tabular"": 0.3, ""tabular_preview_success"": 1.0, ""unsupported_format"": 0.0}, ""num_preview_rows"": 10}",0.9,0.2,0.18000000000000002
s41597-024-04232-w,review_burden_score,"{""num_human_review_needed"": 1, ""num_logical_files"": 8, ""review_rate"": 0.125}",0.875,0.2,0.17500000000000002
s41597-024-04232-w,intervention_need_score,"{""combined_intervention_rate"": 0.08249999999999999, ""grounding_intervention_points"": 0.6, ""grounding_intervention_rate"": 0.075, ""num_ambiguous"": 1, ""num_missing"": 0, ""num_preview_rows"": 10, ""num_unsupported_non_file_claim"": 0, ""num_weak_match"": 0, ""preview_intervention_rate"": 0.1}",0.9175,0.1,0.09175
s41597-025-05156-9,logical_schema_score,"{""column_rate"": 0.625, ""format_rate"": 1.0, ""num_logical_files"": 8, ""path_pattern_rate"": 1.0}",0.8875,0.2,0.1775
s41597-025-05156-9,physical_grounding_score,"{""num_ambiguous"": 0, ""num_file_grounding_applicable"": 8, ""num_missing"": 4, ""num_resolved"": 3, ""num_unsupported_non_file_claim"": 0, ""num_weak_match"": 1}",0.4062,0.3,0.12186
s41597-025-05156-9,executable_preview_score,"{""category_counts"": {""code_or_notebook_artifact_not_tabular"": 3, ""image_artifact_not_tabular"": 1}, ""category_weights"": {""archive_artifact_requires_unpacking"": 0.4, ""code_or_notebook_artifact_not_tabular"": 0.2, ""csv_encoding_error"": 0.55, ""document_or_text_artifact_not_tabular"": 0.2, ""image_artifact_not_tabular"": 0.1, ""missing_optional_dependency_xlrd"": 0.7, ""missing_or_unrecognized_suffix"": 0.05, ""specialized_data_format_requires_loader"": 0.35, ""structured_metadata_not_tabular"": 0.3, ""tabular_preview_success"": 1.0, ""unsupported_format"": 0.0}, ""num_preview_rows"": 4}",0.175,0.2,0.034999999999999996
s41597-025-05156-9,review_burden_score,"{""num_human_review_needed"": 5, ""num_logical_files"": 8, ""review_rate"": 0.625}",0.375,0.2,0.07500000000000001
s41597-025-05156-9,intervention_need_score,"{""combined_intervention_rate"": 0.6325, ""grounding_intervention_points"": 4.4, ""grounding_intervention_rate"": 0.55, ""num_ambiguous"": 0, ""num_missing"": 4, ""num_preview_rows"": 4, ""num_unsupported_non_file_claim"": 0, ""num_weak_match"": 1, ""preview_intervention_rate"": 0.825}",0.36750000000000005,0.1,0.036750000000000005
s41597-020-00702-z,logical_schema_score,"{""column_rate"": 0.6666666666666666, ""format_rate"": 1.0, ""num_logical_files"": 6, ""path_pattern_rate"": 1.0}",0.8999999999999999,0.2,0.18
s41597-020-00702-z,physical_grounding_score,"{""num_ambiguous"": 4, ""num_file_grounding_applicable"": 6, ""num_missing"": 0, ""num_resolved"": 0, ""num_unsupported_non_file_claim"": 0, ""num_weak_match"": 2}",0.4167,0.3,0.12501
s41597-020-00702-z,executable_preview_score,"{""category_counts"": {""code_or_notebook_artifact_not_tabular"": 1, ""document_or_text_artifact_not_tabular"": 3, ""structured_metadata_not_tabular"": 4, ""unsupported_format"": 5}, ""category_weights"": {""archive_artifact_requires_unpacking"": 0.4, ""code_or_notebook_artifact_not_tabular"": 0.2, ""csv_encoding_error"": 0.55, ""document_or_text_artifact_not_tabular"": 0.2, ""image_artifact_not_tabular"": 0.1, ""missing_optional_dependency_xlrd"": 0.7, ""missing_or_unrecognized_suffix"": 0.05, ""specialized_data_format_requires_loader"": 0.35, ""structured_metadata_not_tabular"": 0.3, ""tabular_preview_success"": 1.0, ""unsupported_format"": 0.0}, ""num_preview_rows"": 13}",0.15384615384615385,0.2,0.03076923076923077
s41597-020-00702-z,review_burden_score,"{""num_human_review_needed"": 6, ""num_logical_files"": 6, ""review_rate"": 1.0}",0.0,0.2,0.0
s41597-020-00702-z,intervention_need_score,"{""combined_intervention_rate"": 0.6271794871794871, ""grounding_intervention_points"": 3.2, ""grounding_intervention_rate"": 0.5333333333333333, ""num_ambiguous"": 4, ""num_missing"": 0, ""num_preview_rows"": 13, ""num_unsupported_non_file_claim"": 0, ""num_weak_match"": 2, ""preview_intervention_rate"": 0.8461538461538461}",0.3728205128205129,0.1,0.03728205128205129
s41597-021-00929-4,logical_schema_score,"{""column_rate"": 0.625, ""format_rate"": 1.0, ""num_logical_files"": 8, ""path_pattern_rate"": 1.0}",0.8875,0.2,0.1775
s41597-021-00929-4,physical_grounding_score,"{""num_ambiguous"": 1, ""num_file_grounding_applicable"": 8, ""num_missing"": 6, ""num_resolved"": 0, ""num_unsupported_non_file_claim"": 0, ""num_weak_match"": 1}",0.0938,0.3,0.02814
s41597-021-00929-4,executable_preview_score,"{""category_counts"": {""code_or_notebook_artifact_not_tabular"": 1, ""document_or_text_artifact_not_tabular"": 3}, ""category_weights"": {""archive_artifact_requires_unpacking"": 0.4, ""code_or_notebook_artifact_not_tabular"": 0.2, ""csv_encoding_error"": 0.55, ""document_or_text_artifact_not_tabular"": 0.2, ""image_artifact_not_tabular"": 0.1, ""missing_optional_dependency_xlrd"": 0.7, ""missing_or_unrecognized_suffix"": 0.05, ""specialized_data_format_requires_loader"": 0.35, ""structured_metadata_not_tabular"": 0.3, ""tabular_preview_success"": 1.0, ""unsupported_format"": 0.0}, ""num_preview_rows"": 4}",0.2,0.2,0.04000000000000001
s41597-021-00929-4,review_burden_score,"{""num_human_review_needed"": 8, ""num_logical_files"": 8, ""review_rate"": 1.0}",0.0,0.2,0.0
s41597-021-00929-4,intervention_need_score,"{""combined_intervention_rate"": 0.8524999999999999, ""grounding_intervention_points"": 7.0, ""grounding_intervention_rate"": 0.875, ""num_ambiguous"": 1, ""num_missing"": 6, ""num_preview_rows"": 4, ""num_unsupported_non_file_claim"": 0, ""num_weak_match"": 1, ""preview_intervention_rate"": 0.8}",0.14750000000000008,0.1,0.014750000000000008
s41597-022-01543-8,logical_schema_score,"{""column_rate"": 0.25, ""format_rate"": 1.0, ""num_logical_files"": 8, ""path_pattern_rate"": 1.0}",0.7749999999999999,0.2,0.155
s41597-022-01543-8,physical_grounding_score,"{""num_ambiguous"": 0, ""num_file_grounding_applicable"": 8, ""num_missing"": 1, ""num_resolved"": 7, ""num_unsupported_non_file_claim"": 0, ""num_weak_match"": 0}",0.875,0.3,0.2625
s41597-022-01543-8,executable_preview_score,"{""category_counts"": {""code_or_notebook_artifact_not_tabular"": 2, ""document_or_text_artifact_not_tabular"": 3, ""tabular_preview_success"": 2}, ""category_weights"": {""archive_artifact_requires_unpacking"": 0.4, ""code_or_notebook_artifact_not_tabular"": 0.2, ""csv_encoding_error"": 0.55, ""document_or_text_artifact_not_tabular"": 0.2, ""image_artifact_not_tabular"": 0.1, ""missing_optional_dependency_xlrd"": 0.7, ""missing_or_unrecognized_suffix"": 0.05, ""specialized_data_format_requires_loader"": 0.35, ""structured_metadata_not_tabular"": 0.3, ""tabular_preview_success"": 1.0, ""unsupported_format"": 0.0}, ""num_preview_rows"": 7}",0.42857142857142866,0.2,0.08571428571428574
s41597-022-01543-8,review_burden_score,"{""num_human_review_needed"": 1, ""num_logical_files"": 8, ""review_rate"": 0.125}",0.875,0.2,0.17500000000000002
s41597-022-01543-8,intervention_need_score,"{""combined_intervention_rate"": 0.2589285714285714, ""grounding_intervention_points"": 1.0, ""grounding_intervention_rate"": 0.125, ""num_ambiguous"": 0, ""num_missing"": 1, ""num_preview_rows"": 7, ""num_unsupported_non_file_claim"": 0, ""num_weak_match"": 0, ""preview_intervention_rate"": 0.5714285714285714}",0.7410714285714286,0.1,0.07410714285714286
s41597-023-01938-1,logical_schema_score,"{""column_rate"": 0.75, ""format_rate"": 1.0, ""num_logical_files"": 8, ""path_pattern_rate"": 1.0}",0.9249999999999999,0.2,0.185
s41597-023-01938-1,physical_grounding_score,"{""num_ambiguous"": 2, ""num_file_grounding_applicable"": 8, ""num_missing"": 3, ""num_resolved"": 3, ""num_unsupported_non_file_claim"": 0, ""num_weak_match"": 0}",0.5,0.3,0.15
s41597-023-01938-1,executable_preview_score,"{""category_counts"": {""archive_artifact_requires_unpacking"": 3, ""code_or_notebook_artifact_not_tabular"": 1, ""document_or_text_artifact_not_tabular"": 5}, ""category_weights"": {""archive_artifact_requires_unpacking"": 0.4, ""code_or_notebook_artifact_not_tabular"": 0.2, ""csv_encoding_error"": 0.55, ""document_or_text_artifact_not_tabular"": 0.2, ""image_artifact_not_tabular"": 0.1, ""missing_optional_dependency_xlrd"": 0.7, ""missing_or_unrecognized_suffix"": 0.05, ""specialized_data_format_requires_loader"": 0.35, ""structured_metadata_not_tabular"": 0.3, ""tabular_preview_success"": 1.0, ""unsupported_format"": 0.0}, ""num_preview_rows"": 9}",0.2666666666666667,0.2,0.053333333333333344
s41597-023-01938-1,review_burden_score,"{""num_human_review_needed"": 5, ""num_logical_files"": 8, ""review_rate"": 0.625}",0.375,0.2,0.07500000000000001
s41597-023-01938-1,intervention_need_score,"{""combined_intervention_rate"": 0.5874999999999999, ""grounding_intervention_points"": 4.2, ""grounding_intervention_rate"": 0.525, ""num_ambiguous"": 2, ""num_missing"": 3, ""num_preview_rows"": 9, ""num_unsupported_non_file_claim"": 0, ""num_weak_match"": 0, ""preview_intervention_rate"": 0.7333333333333332}",0.4125000000000001,0.1,0.04125000000000001
s41597-023-02160-9,logical_schema_score,"{""column_rate"": 0.875, ""format_rate"": 1.0, ""num_logical_files"": 8, ""path_pattern_rate"": 1.0}",0.9624999999999999,0.2,0.1925
s41597-023-02160-9,physical_grounding_score,"{""num_ambiguous"": 5, ""num_file_grounding_applicable"": 8, ""num_missing"": 3, ""num_resolved"": 0, ""num_unsupported_non_file_claim"": 0, ""num_weak_match"": 0}",0.3125,0.3,0.09375
s41597-023-02160-9,executable_preview_score,"{""category_counts"": {""code_or_notebook_artifact_not_tabular"": 1, ""document_or_text_artifact_not_tabular"": 2, ""image_artifact_not_tabular"": 4, ""specialized_data_format_requires_loader"": 6}, ""category_weights"": {""archive_artifact_requires_unpacking"": 0.4, ""code_or_notebook_artifact_not_tabular"": 0.2, ""csv_encoding_error"": 0.55, ""document_or_text_artifact_not_tabular"": 0.2, ""image_artifact_not_tabular"": 0.1, ""missing_optional_dependency_xlrd"": 0.7, ""missing_or_unrecognized_suffix"": 0.05, ""specialized_data_format_requires_loader"": 0.35, ""structured_metadata_not_tabular"": 0.3, ""tabular_preview_success"": 1.0, ""unsupported_format"": 0.0}, ""num_preview_rows"": 13}",0.23846153846153847,0.2,0.0476923076923077
s41597-023-02160-9,review_burden_score,"{""num_human_review_needed"": 8, ""num_logical_files"": 8, ""review_rate"": 1.0}",0.0,0.2,0.0
s41597-023-02160-9,intervention_need_score,"{""combined_intervention_rate"": 0.7534615384615384, ""grounding_intervention_points"": 6.0, ""grounding_intervention_rate"": 0.75, ""num_ambiguous"": 5, ""num_missing"": 3, ""num_preview_rows"": 13, ""num_unsupported_non_file_claim"": 0, ""num_weak_match"": 0, ""preview_intervention_rate"": 0.7615384615384617}",0.2465384615384616,0.1,0.02465384615384616
s41597-023-02517-0,logical_schema_score,"{""column_rate"": 0.75, ""format_rate"": 1.0, ""num_logical_files"": 4, ""path_pattern_rate"": 1.0}",0.9249999999999999,0.2,0.185
s41597-023-02517-0,physical_grounding_score,"{""num_ambiguous"": 1, ""num_file_grounding_applicable"": 4, ""num_missing"": 0, ""num_resolved"": 0, ""num_unsupported_non_file_claim"": 0, ""num_weak_match"": 3}",0.3125,0.3,0.09375
s41597-023-02517-0,executable_preview_score,"{""category_counts"": {""tabular_preview_success"": 6}, ""category_weights"": {""archive_artifact_requires_unpacking"": 0.4, ""code_or_notebook_artifact_not_tabular"": 0.2, ""csv_encoding_error"": 0.55, ""document_or_text_artifact_not_tabular"": 0.2, ""image_artifact_not_tabular"": 0.1, ""missing_optional_dependency_xlrd"": 0.7, ""missing_or_unrecognized_suffix"": 0.05, ""specialized_data_format_requires_loader"": 0.35, ""structured_metadata_not_tabular"": 0.3, ""tabular_preview_success"": 1.0, ""unsupported_format"": 0.0}, ""num_preview_rows"": 6}",1.0,0.2,0.2
s41597-023-02517-0,review_burden_score,"{""num_human_review_needed"": 4, ""num_logical_files"": 4, ""review_rate"": 1.0}",0.0,0.2,0.0
s41597-023-02517-0,intervention_need_score,"{""combined_intervention_rate"": 0.315, ""grounding_intervention_points"": 1.8000000000000003, ""grounding_intervention_rate"": 0.45000000000000007, ""num_ambiguous"": 1, ""num_missing"": 0, ""num_preview_rows"": 6, ""num_unsupported_non_file_claim"": 0, ""num_weak_match"": 3, ""preview_intervention_rate"": 0.0}",0.685,0.1,0.0685
s41597-023-02724-9,logical_schema_score,"{""column_rate"": 0.375, ""format_rate"": 1.0, ""num_logical_files"": 8, ""path_pattern_rate"": 1.0}",0.8125,0.2,0.1625
s41597-023-02724-9,physical_grounding_score,"{""num_ambiguous"": 2, ""num_file_grounding_applicable"": 8, ""num_missing"": 3, ""num_resolved"": 1, ""num_unsupported_non_file_claim"": 0, ""num_weak_match"": 2}",0.3125,0.3,0.09375
s41597-023-02724-9,executable_preview_score,"{""category_counts"": {""code_or_notebook_artifact_not_tabular"": 2, ""document_or_text_artifact_not_tabular"": 2, ""image_artifact_not_tabular"": 1, ""structured_metadata_not_tabular"": 1, ""tabular_preview_success"": 2}, ""category_weights"": {""archive_artifact_requires_unpacking"": 0.4, ""code_or_notebook_artifact_not_tabular"": 0.2, ""csv_encoding_error"": 0.55, ""document_or_text_artifact_not_tabular"": 0.2, ""image_artifact_not_tabular"": 0.1, ""missing_optional_dependency_xlrd"": 0.7, ""missing_or_unrecognized_suffix"": 0.05, ""specialized_data_format_requires_loader"": 0.35, ""structured_metadata_not_tabular"": 0.3, ""tabular_preview_success"": 1.0, ""unsupported_format"": 0.0}, ""num_preview_rows"": 8}",0.4000000000000001,0.2,0.08000000000000002
s41597-023-02724-9,review_burden_score,"{""num_human_review_needed"": 7, ""num_logical_files"": 8, ""review_rate"": 0.875}",0.125,0.2,0.025
s41597-023-02724-9,intervention_need_score,"{""combined_intervention_rate"": 0.6174999999999999, ""grounding_intervention_points"": 5.0, ""grounding_intervention_rate"": 0.625, ""num_ambiguous"": 2, ""num_missing"": 3, ""num_preview_rows"": 8, ""num_unsupported_non_file_claim"": 0, ""num_weak_match"": 2, ""preview_intervention_rate"": 0.6}",0.38250000000000006,0.1,0.038250000000000006
s41597-023-02749-0,logical_schema_score,"{""column_rate"": 1.0, ""format_rate"": 1.0, ""num_logical_files"": 6, ""path_pattern_rate"": 1.0}",1.0,0.2,0.2
s41597-023-02749-0,physical_grounding_score,"{""num_ambiguous"": 0, ""num_file_grounding_applicable"": 6, ""num_missing"": 6, ""num_resolved"": 0, ""num_unsupported_non_file_claim"": 0, ""num_weak_match"": 0}",0.0,0.3,0.0
s41597-023-02749-0,executable_preview_score,"{""num_preview_rows"": 0, ""reason"": ""no_preview_attempts""}",0.0,0.2,0.0
s41597-023-02749-0,review_burden_score,"{""num_human_review_needed"": 6, ""num_logical_files"": 6, ""review_rate"": 1.0}",0.0,0.2,0.0
s41597-023-02749-0,intervention_need_score,"{""combined_intervention_rate"": 1.0, ""grounding_intervention_points"": 6.0, ""grounding_intervention_rate"": 1.0, ""num_ambiguous"": 0, ""num_missing"": 6, ""num_preview_rows"": 0, ""num_unsupported_non_file_claim"": 0, ""num_weak_match"": 0, ""preview_intervention_rate"": 1.0}",0.0,0.1,0.0
s41597-024-03190-7,logical_schema_score,"{""column_rate"": 0.8333333333333334, ""format_rate"": 1.0, ""num_logical_files"": 6, ""path_pattern_rate"": 1.0}",0.95,0.2,0.19
s41597-024-03190-7,physical_grounding_score,"{""num_ambiguous"": 0, ""num_file_grounding_applicable"": 6, ""num_missing"": 1, ""num_resolved"": 2, ""num_unsupported_non_file_claim"": 0, ""num_weak_match"": 3}",0.4583,0.3,0.13749
s41597-024-03190-7,executable_preview_score,"{""category_counts"": {""tabular_preview_success"": 4, ""unsupported_format"": 1}, ""category_weights"": {""archive_artifact_requires_unpacking"": 0.4, ""code_or_notebook_artifact_not_tabular"": 0.2, ""csv_encoding_error"": 0.55, ""document_or_text_artifact_not_tabular"": 0.2, ""image_artifact_not_tabular"": 0.1, ""missing_optional_dependency_xlrd"": 0.7, ""missing_or_unrecognized_suffix"": 0.05, ""specialized_data_format_requires_loader"": 0.35, ""structured_metadata_not_tabular"": 0.3, ""tabular_preview_success"": 1.0, ""unsupported_format"": 0.0}, ""num_preview_rows"": 5}",0.8,0.2,0.16000000000000003
s41597-024-03190-7,review_burden_score,"{""num_human_review_needed"": 4, ""num_logical_files"": 6, ""review_rate"": 0.6666666666666666}",0.33333333333333337,0.2,0.06666666666666668
s41597-024-03190-7,intervention_need_score,"{""combined_intervention_rate"": 0.31666666666666665, ""grounding_intervention_points"": 2.2, ""grounding_intervention_rate"": 0.3666666666666667, ""num_ambiguous"": 0, ""num_missing"": 1, ""num_preview_rows"": 5, ""num_unsupported_non_file_claim"": 0, ""num_weak_match"": 3, ""preview_intervention_rate"": 0.2}",0.6833333333333333,0.1,0.06833333333333334
s41597-025-04681-x,logical_schema_score,"{""column_rate"": 0.5, ""format_rate"": 1.0, ""num_logical_files"": 8, ""path_pattern_rate"": 1.0}",0.85,0.2,0.17
s41597-025-04681-x,physical_grounding_score,"{""num_ambiguous"": 2, ""num_file_grounding_applicable"": 8, ""num_missing"": 5, ""num_resolved"": 1, ""num_unsupported_non_file_claim"": 0, ""num_weak_match"": 0}",0.25,0.3,0.075
s41597-025-04681-x,executable_preview_score,"{""category_counts"": {""specialized_data_format_requires_loader"": 1, ""tabular_preview_success"": 6}, ""category_weights"": {""archive_artifact_requires_unpacking"": 0.4, ""code_or_notebook_artifact_not_tabular"": 0.2, ""csv_encoding_error"": 0.55, ""document_or_text_artifact_not_tabular"": 0.2, ""image_artifact_not_tabular"": 0.1, ""missing_optional_dependency_xlrd"": 0.7, ""missing_or_unrecognized_suffix"": 0.05, ""specialized_data_format_requires_loader"": 0.35, ""structured_metadata_not_tabular"": 0.3, ""tabular_preview_success"": 1.0, ""unsupported_format"": 0.0}, ""num_preview_rows"": 7}",0.9071428571428571,0.2,0.18142857142857144
s41597-025-04681-x,review_burden_score,"{""num_human_review_needed"": 7, ""num_logical_files"": 8, ""review_rate"": 0.875}",0.125,0.2,0.025
s41597-025-04681-x,intervention_need_score,"{""combined_intervention_rate"": 0.5703571428571428, ""grounding_intervention_points"": 6.2, ""grounding_intervention_rate"": 0.775, ""num_ambiguous"": 2, ""num_missing"": 5, ""num_preview_rows"": 7, ""num_unsupported_non_file_claim"": 0, ""num_weak_match"": 0, ""preview_intervention_rate"": 0.09285714285714286}",0.4296428571428572,0.1,0.042964285714285726
s41597-025-04696-4,logical_schema_score,"{""column_rate"": 0.375, ""format_rate"": 1.0, ""num_logical_files"": 8, ""path_pattern_rate"": 1.0}",0.8125,0.2,0.1625
s41597-025-04696-4,physical_grounding_score,"{""num_ambiguous"": 0, ""num_file_grounding_applicable"": 8, ""num_missing"": 0, ""num_resolved"": 7, ""num_unsupported_non_file_claim"": 0, ""num_weak_match"": 1}",0.9062,0.3,0.27186
s41597-025-04696-4,executable_preview_score,"{""category_counts"": {""code_or_notebook_artifact_not_tabular"": 3, ""specialized_data_format_requires_loader"": 1, ""tabular_preview_success"": 2, ""unsupported_format"": 2}, ""category_weights"": {""archive_artifact_requires_unpacking"": 0.4, ""code_or_notebook_artifact_not_tabular"": 0.2, ""csv_encoding_error"": 0.55, ""document_or_text_artifact_not_tabular"": 0.2, ""image_artifact_not_tabular"": 0.1, ""missing_optional_dependency_xlrd"": 0.7, ""missing_or_unrecognized_suffix"": 0.05, ""specialized_data_format_requires_loader"": 0.35, ""structured_metadata_not_tabular"": 0.3, ""tabular_preview_success"": 1.0, ""unsupported_format"": 0.0}, ""num_preview_rows"": 8}",0.3687500000000001,0.2,0.07375000000000002
s41597-025-04696-4,review_burden_score,"{""num_human_review_needed"": 1, ""num_logical_files"": 8, ""review_rate"": 0.125}",0.875,0.2,0.17500000000000002
s41597-025-04696-4,intervention_need_score,"{""combined_intervention_rate"": 0.224375, ""grounding_intervention_points"": 0.4, ""grounding_intervention_rate"": 0.05, ""num_ambiguous"": 0, ""num_missing"": 0, ""num_preview_rows"": 8, ""num_unsupported_non_file_claim"": 0, ""num_weak_match"": 1, ""preview_intervention_rate"": 0.63125}",0.775625,0.1,0.0775625
s41597-021-00878-y,logical_schema_score,"{""column_rate"": 1.0, ""format_rate"": 1.0, ""num_logical_files"": 2, ""path_pattern_rate"": 1.0}",1.0,0.2,0.2
s41597-021-00878-y,physical_grounding_score,"{""num_ambiguous"": 2, ""num_file_grounding_applicable"": 2, ""num_missing"": 0, ""num_resolved"": 0, ""num_unsupported_non_file_claim"": 0, ""num_weak_match"": 0}",0.5,0.3,0.15
s41597-021-00878-y,executable_preview_score,"{""category_counts"": {""archive_artifact_requires_unpacking"": 6}, ""category_weights"": {""archive_artifact_requires_unpacking"": 0.4, ""code_or_notebook_artifact_not_tabular"": 0.2, ""csv_encoding_error"": 0.55, ""document_or_text_artifact_not_tabular"": 0.2, ""image_artifact_not_tabular"": 0.1, ""missing_optional_dependency_xlrd"": 0.7, ""missing_or_unrecognized_suffix"": 0.05, ""specialized_data_format_requires_loader"": 0.35, ""structured_metadata_not_tabular"": 0.3, ""tabular_preview_success"": 1.0, ""unsupported_format"": 0.0}, ""num_preview_rows"": 6}",0.39999999999999997,0.2,0.08
s41597-021-00878-y,review_burden_score,"{""num_human_review_needed"": 2, ""num_logical_files"": 2, ""review_rate"": 1.0}",0.0,0.2,0.0
s41597-021-00878-y,intervention_need_score,"{""combined_intervention_rate"": 0.6, ""grounding_intervention_points"": 1.2, ""grounding_intervention_rate"": 0.6, ""num_ambiguous"": 2, ""num_missing"": 0, ""num_preview_rows"": 6, ""num_unsupported_non_file_claim"": 0, ""num_weak_match"": 0, ""preview_intervention_rate"": 0.6}",0.4,0.1,0.04000000000000001
s41597-024-04051-z,logical_schema_score,"{""column_rate"": 0.625, ""format_rate"": 0.875, ""num_logical_files"": 8, ""path_pattern_rate"": 1.0}",0.8500000000000001,0.2,0.17000000000000004
s41597-024-04051-z,physical_grounding_score,"{""num_ambiguous"": 8, ""num_file_grounding_applicable"": 8, ""num_missing"": 0, ""num_resolved"": 0, ""num_unsupported_non_file_claim"": 0, ""num_weak_match"": 0}",0.5,0.3,0.15
s41597-024-04051-z,executable_preview_score,"{""category_counts"": {""code_or_notebook_artifact_not_tabular"": 3, ""structured_metadata_not_tabular"": 3, ""tabular_preview_success"": 18}, ""category_weights"": {""archive_artifact_requires_unpacking"": 0.4, ""code_or_notebook_artifact_not_tabular"": 0.2, ""csv_encoding_error"": 0.55, ""document_or_text_artifact_not_tabular"": 0.2, ""image_artifact_not_tabular"": 0.1, ""missing_optional_dependency_xlrd"": 0.7, ""missing_or_unrecognized_suffix"": 0.05, ""specialized_data_format_requires_loader"": 0.35, ""structured_metadata_not_tabular"": 0.3, ""tabular_preview_success"": 1.0, ""unsupported_format"": 0.0}, ""num_preview_rows"": 24}",0.8125,0.2,0.1625
s41597-024-04051-z,review_burden_score,"{""num_human_review_needed"": 8, ""num_logical_files"": 8, ""review_rate"": 1.0}",0.0,0.2,0.0
s41597-024-04051-z,intervention_need_score,"{""combined_intervention_rate"": 0.47624999999999995, ""grounding_intervention_points"": 4.8, ""grounding_intervention_rate"": 0.6, ""num_ambiguous"": 8, ""num_missing"": 0, ""num_preview_rows"": 24, ""num_unsupported_non_file_claim"": 0, ""num_weak_match"": 0, ""preview_intervention_rate"": 0.18749999999999997}",0.52375,0.1,0.052375000000000005
