article_id,column_grounding_status,column_match_score,column_match_type,documented_column,human_review_needed,logical_file_id,logical_name,matched_column,matched_physical_file
s41597-020-00688-8,supported,1.0,normalized_exact,Country,False,lf_001,testing_time_series,Country,covid-testing-all-observations.csv
s41597-020-00688-8,supported,1.0,normalized_exact,ISO code,False,lf_001,testing_time_series,ISO code,covid-testing-all-observations.csv
s41597-020-00688-8,supported,1.0,normalized_exact,Date,False,lf_001,testing_time_series,Date,covid-testing-all-observations.csv
s41597-020-00688-8,supported,1.0,normalized_exact,Cumulative total,False,lf_001,testing_time_series,Cumulative total,covid-testing-all-observations.csv
s41597-020-00688-8,supported,1.0,normalized_exact,Daily change in cumulative total,False,lf_001,testing_time_series,Daily change in cumulative total,covid-testing-all-observations.csv
s41597-020-00688-8,supported,1.0,normalized_exact,7-day smoothed daily change,False,lf_002,testing_time_series_derived,7-day smoothed daily change,covid-testing-all-observations.csv
s41597-020-00688-8,supported,1.0,normalized_exact,Cumulative total per thousand,False,lf_002,testing_time_series_derived,Cumulative total per thousand,covid-testing-all-observations.csv
s41597-020-00688-8,supported,0.3333,semantic_token_overlap,Daily change per thousand,True,lf_002,testing_time_series_derived,7-day smoothed daily change per thousand,covid-testing-all-observations.csv
s41597-020-00688-8,supported,1.0,normalized_exact,Units,False,lf_002,testing_time_series_derived,Units,covid-testing-all-observations.csv
s41597-020-00688-8,supported,1.0,normalized_exact,Series,False,lf_002,testing_time_series_derived,Series,covid-testing-all-observations.csv
s41597-020-00688-8,supported,1.0,normalized_exact,Country,False,lf_003,testing_metadata,Country,covid-testing-source-details.csv
s41597-020-00688-8,supported,1.0,normalized_exact,Series,False,lf_003,testing_metadata,Series,covid-testing-source-details.csv
s41597-020-00688-8,supported,1.0,normalized_exact,Units,False,lf_003,testing_metadata,Units,covid-testing-source-details.csv
s41597-020-00688-8,supported,1.0,normalized_exact,Number of observations,False,lf_003,testing_metadata,Number of observations,covid-testing-source-details.csv
s41597-020-00688-8,supported,1.0,normalized_exact,Detailed description,False,lf_003,testing_metadata,Detailed description,covid-testing-source-details.csv
s41597-020-00688-8,supported,1.0,normalized_exact,Country,False,lf_004,raw_collected_data,Country,raw-collected-data.csv
s41597-020-00688-8,supported,1.0,normalized_exact,Date,False,lf_004,raw_collected_data,Date,raw-collected-data.csv
s41597-020-00688-8,supported,1.0,normalized_exact,Cumulative total,False,lf_004,raw_collected_data,Cumulative total,raw-collected-data.csv
s41597-020-00688-8,supported,1.0,normalized_exact,Source URL,False,lf_004,raw_collected_data,Source URL,raw-collected-data.csv
s41597-020-00688-8,supported,1.0,normalized_exact,Notes,False,lf_004,raw_collected_data,Notes,raw-collected-data.csv
s41597-020-00688-8,partially_supported,1.0,normalized_exact,Country,False,lf_005,population_reference_data,Country,un-2020-population.csv
s41597-020-00688-8,partially_supported,0.2667,unmatched,ISO code,True,lf_005,population_reference_data,,un-2020-population.csv
s41597-020-00688-8,partially_supported,0.8,fuzzy_name_low,Population (2020),False,lf_005,population_reference_data,Population,un-2020-population.csv
s41597-021-01069-5,weakly_supported,0.3333,unmatched,source_id,True,lf_005,raw_data_summary,,github_github.com__theochem_B3DB/B3DB-main/data_curation/raw_data/raw_data_summary.tsv
s41597-021-01069-5,weakly_supported,0.3,unmatched,source_type,True,lf_005,raw_data_summary,,github_github.com__theochem_B3DB/B3DB-main/data_curation/raw_data/raw_data_summary.tsv
s41597-021-01069-5,weakly_supported,0.2667,unmatched,num_compounds,True,lf_005,raw_data_summary,,github_github.com__theochem_B3DB/B3DB-main/data_curation/raw_data/raw_data_summary.tsv
s41597-021-01069-5,weakly_supported,0.24,unmatched,data_type,True,lf_005,raw_data_summary,,github_github.com__theochem_B3DB/B3DB-main/data_curation/raw_data/raw_data_summary.tsv
s41597-021-01069-5,weakly_supported,0.72,fuzzy_name_low,threshold,False,lf_005,raw_data_summary,threshold_values,github_github.com__theochem_B3DB/B3DB-main/data_curation/raw_data/raw_data_summary.tsv
s41597-022-01146-3,supported,1.0,normalized_exact,fish_id,False,lf_001,settlement_stage_fish_ids,fish_id,github_github.com__open-AIMS_tropical_ucrit_data/tropical_ucrit_data-main/clean_data/fish_id_dat.csv
s41597-022-01146-3,supported,0.8235,fuzzy_name_low,species,False,lf_001,settlement_stage_fish_ids,species_id,github_github.com__open-AIMS_tropical_ucrit_data/tropical_ucrit_data-main/clean_data/fish_id_dat.csv
s41597-022-01146-3,supported,0.6667,fuzzy_name_low,site,False,lf_001,settlement_stage_fish_ids,stage,github_github.com__open-AIMS_tropical_ucrit_data/tropical_ucrit_data-main/clean_data/fish_id_dat.csv
s41597-022-01146-3,supported,1.0,normalized_exact,stage,False,lf_001,settlement_stage_fish_ids,stage,github_github.com__open-AIMS_tropical_ucrit_data/tropical_ucrit_data-main/clean_data/fish_id_dat.csv
s41597-022-01146-3,supported,0.4444,unmatched,notes,True,lf_001,settlement_stage_fish_ids,,github_github.com__open-AIMS_tropical_ucrit_data/tropical_ucrit_data-main/clean_data/fish_id_dat.csv
s41597-022-01146-3,weakly_supported,1.0,normalized_exact,fish_id,False,lf_002,settlement_stage_swimming_data,fish_id,github_github.com__open-AIMS_tropical_ucrit_data/tropical_ucrit_data-main/clean_data/ucrit_sett_dat.csv
s41597-022-01146-3,weakly_supported,1.0,normalized_exact,ucrit,False,lf_002,settlement_stage_swimming_data,ucrit,github_github.com__open-AIMS_tropical_ucrit_data/tropical_ucrit_data-main/clean_data/ucrit_sett_dat.csv
s41597-022-01146-3,weakly_supported,0.4444,unmatched,temp,True,lf_002,settlement_stage_swimming_data,,github_github.com__open-AIMS_tropical_ucrit_data/tropical_ucrit_data-main/clean_data/ucrit_sett_dat.csv
s41597-022-01146-3,weakly_supported,0.3,unmatched,speed_increment,True,lf_002,settlement_stage_swimming_data,,github_github.com__open-AIMS_tropical_ucrit_data/tropical_ucrit_data-main/clean_data/ucrit_sett_dat.csv
s41597-022-01146-3,weakly_supported,0.3333,unmatched,time_interval,True,lf_002,settlement_stage_swimming_data,,github_github.com__open-AIMS_tropical_ucrit_data/tropical_ucrit_data-main/clean_data/ucrit_sett_dat.csv
s41597-022-01146-3,weakly_supported,1.0,normalized_exact,fish_id,False,lf_003,settlement_stage_morphology_data,fish_id,github_github.com__open-AIMS_tropical_ucrit_data/tropical_ucrit_data-main/clean_data/morph_sett_dat.csv
s41597-022-01146-3,weakly_supported,0.25,unmatched,total_length,True,lf_003,settlement_stage_morphology_data,,github_github.com__open-AIMS_tropical_ucrit_data/tropical_ucrit_data-main/clean_data/morph_sett_dat.csv
s41597-022-01146-3,weakly_supported,0.2857,unmatched,body_depth,True,lf_003,settlement_stage_morphology_data,,github_github.com__open-AIMS_tropical_ucrit_data/tropical_ucrit_data-main/clean_data/morph_sett_dat.csv
s41597-022-01146-3,weakly_supported,0.3077,unmatched,body_area,True,lf_003,settlement_stage_morphology_data,,github_github.com__open-AIMS_tropical_ucrit_data/tropical_ucrit_data-main/clean_data/morph_sett_dat.csv
s41597-022-01146-3,weakly_supported,0.2105,unmatched,propulsive_area,True,lf_003,settlement_stage_morphology_data,,github_github.com__open-AIMS_tropical_ucrit_data/tropical_ucrit_data-main/clean_data/morph_sett_dat.csv
s41597-022-01146-3,partially_supported,1.0,normalized_exact,sample_id,False,lf_004,developmental_sample_data,sample_id,github_github.com__open-AIMS_tropical_ucrit_data/tropical_ucrit_data-main/clean_data/dev_sample_dat.csv
s41597-022-01146-3,partially_supported,0.8235,fuzzy_name_low,species,False,lf_004,developmental_sample_data,species_id,github_github.com__open-AIMS_tropical_ucrit_data/tropical_ucrit_data-main/clean_data/dev_sample_dat.csv
s41597-022-01146-3,partially_supported,0.375,unmatched,location,True,lf_004,developmental_sample_data,,github_github.com__open-AIMS_tropical_ucrit_data/tropical_ucrit_data-main/clean_data/dev_sample_dat.csv
s41597-022-01146-3,partially_supported,0.5455,unmatched,age_days,True,lf_004,developmental_sample_data,,github_github.com__open-AIMS_tropical_ucrit_data/tropical_ucrit_data-main/clean_data/dev_sample_dat.csv
s41597-022-01146-3,partially_supported,1.0,normalized_exact,batch_id,False,lf_004,developmental_sample_data,batch_id,github_github.com__open-AIMS_tropical_ucrit_data/tropical_ucrit_data-main/clean_data/dev_sample_dat.csv
s41597-022-01146-3,weakly_supported,1.0,normalized_exact,sample_id,False,lf_005,developmental_swimming_data,sample_id,github_github.com__open-AIMS_tropical_ucrit_data/tropical_ucrit_data-main/clean_data/ucrit_dev_dat.csv
s41597-022-01146-3,weakly_supported,1.0,normalized_exact,ucrit,False,lf_005,developmental_swimming_data,ucrit,github_github.com__open-AIMS_tropical_ucrit_data/tropical_ucrit_data-main/clean_data/ucrit_dev_dat.csv
s41597-022-01146-3,weakly_supported,0.3077,unmatched,temp,True,lf_005,developmental_swimming_data,,github_github.com__open-AIMS_tropical_ucrit_data/tropical_ucrit_data-main/clean_data/ucrit_dev_dat.csv
s41597-022-01146-3,weakly_supported,0.4545,unmatched,speed_increment,True,lf_005,developmental_swimming_data,,github_github.com__open-AIMS_tropical_ucrit_data/tropical_ucrit_data-main/clean_data/ucrit_dev_dat.csv
s41597-022-01146-3,weakly_supported,0.4,unmatched,time_interval,True,lf_005,developmental_swimming_data,,github_github.com__open-AIMS_tropical_ucrit_data/tropical_ucrit_data-main/clean_data/ucrit_dev_dat.csv
s41597-022-01146-3,weakly_supported,1.0,normalized_exact,sample_id,False,lf_006,developmental_morphology_data,sample_id,github_github.com__open-AIMS_tropical_ucrit_data/tropical_ucrit_data-main/clean_data/morph_dev_dat.csv
s41597-022-01146-3,weakly_supported,0.2667,unmatched,body_length,True,lf_006,developmental_morphology_data,,github_github.com__open-AIMS_tropical_ucrit_data/tropical_ucrit_data-main/clean_data/morph_dev_dat.csv
s41597-022-01146-3,weakly_supported,0.2857,unmatched,total_length,True,lf_006,developmental_morphology_data,,github_github.com__open-AIMS_tropical_ucrit_data/tropical_ucrit_data-main/clean_data/morph_dev_dat.csv
s41597-022-01146-3,weakly_supported,0.2609,unmatched,total_lateral_area,True,lf_006,developmental_morphology_data,,github_github.com__open-AIMS_tropical_ucrit_data/tropical_ucrit_data-main/clean_data/morph_dev_dat.csv
s41597-022-01146-3,weakly_supported,0.3333,unmatched,propulsive_area,True,lf_006,developmental_morphology_data,,github_github.com__open-AIMS_tropical_ucrit_data/tropical_ucrit_data-main/clean_data/morph_dev_dat.csv
s41597-022-01146-3,partially_supported,1.0,normalized_exact,fish_id,False,lf_008,image_data,fish_id,github_github.com__open-AIMS_tropical_ucrit_data/tropical_ucrit_data-main/clean_data/image_data.csv
s41597-022-01146-3,partially_supported,0.7273,fuzzy_name_low,image_filename,False,lf_008,image_data,filename,github_github.com__open-AIMS_tropical_ucrit_data/tropical_ucrit_data-main/clean_data/image_data.csv
s41597-022-01146-3,partially_supported,0.6667,fuzzy_name_low,image_path,False,lf_008,image_data,image,github_github.com__open-AIMS_tropical_ucrit_data/tropical_ucrit_data-main/clean_data/image_data.csv
s41597-022-01146-3,partially_supported,0.5556,unmatched,image_quality,True,lf_008,image_data,,github_github.com__open-AIMS_tropical_ucrit_data/tropical_ucrit_data-main/clean_data/image_data.csv
s41597-022-01146-3,partially_supported,0.4,unmatched,notes,True,lf_008,image_data,,github_github.com__open-AIMS_tropical_ucrit_data/tropical_ucrit_data-main/clean_data/image_data.csv
s41597-022-01473-5,partially_supported,0.7368,fuzzy_name_low,species_name,False,lf_001,resource_level_traits,Species,github_github.com__RiesLabGU_LepTraits/LepTraits-main/records/records.csv
s41597-022-01473-5,partially_supported,0.9524,fuzzy_name_high,resource_id,False,lf_001,resource_level_traits,ResourceID,github_github.com__RiesLabGU_LepTraits/LepTraits-main/records/records.csv
s41597-022-01473-5,partially_supported,0.381,unmatched,trait_type,True,lf_001,resource_level_traits,,github_github.com__RiesLabGU_LepTraits/LepTraits-main/records/records.csv
s41597-022-01473-5,partially_supported,0.4138,unmatched,trait_value,True,lf_001,resource_level_traits,,github_github.com__RiesLabGU_LepTraits/LepTraits-main/records/records.csv
s41597-022-01473-5,partially_supported,0.6897,fuzzy_name_low,wingspan_cm,False,lf_001,resource_level_traits,WingSpanLower_Male,github_github.com__RiesLabGU_LepTraits/LepTraits-main/records/records.csv
s41597-022-01473-5,supported,0.7368,fuzzy_name_low,species_name,False,lf_002,species_consensus_traits,Species,github_github.com__RiesLabGU_LepTraits/LepTraits-main/consensus/consensus.csv
s41597-022-01473-5,supported,1.0,normalized_exact,family,False,lf_002,species_consensus_traits,Family,github_github.com__RiesLabGU_LepTraits/LepTraits-main/consensus/consensus.csv
s41597-022-01473-5,supported,0.4167,unmatched,avg_wingspan_cm,True,lf_002,species_consensus_traits,,github_github.com__RiesLabGU_LepTraits/LepTraits-main/consensus/consensus.csv
s41597-022-01473-5,supported,1.0,normalized_exact,voltinism,False,lf_002,species_consensus_traits,Voltinism,github_github.com__RiesLabGU_LepTraits/LepTraits-main/consensus/consensus.csv
s41597-022-01473-5,supported,0.9565,fuzzy_name_high,primary_hostplant_family,False,lf_002,species_consensus_traits,PrimaryHostplantFamily,github_github.com__RiesLabGU_LepTraits/LepTraits-main/consensus/consensus.csv
s41597-022-01473-5,weakly_supported,0.9524,fuzzy_name_high,resource_id,False,lf_003,resource_metadata,ResourceID,github_github.com__RiesLabGU_LepTraits/LepTraits-main/misc/miscData/book_data.csv
s41597-022-01473-5,weakly_supported,0.5556,unmatched,title,True,lf_003,resource_metadata,,github_github.com__RiesLabGU_LepTraits/LepTraits-main/misc/miscData/book_data.csv
s41597-022-01473-5,weakly_supported,0.3,unmatched,author,True,lf_003,resource_metadata,,github_github.com__RiesLabGU_LepTraits/LepTraits-main/misc/miscData/book_data.csv
s41597-022-01473-5,weakly_supported,0.3448,unmatched,publication_year,True,lf_003,resource_metadata,,github_github.com__RiesLabGU_LepTraits/LepTraits-main/misc/miscData/book_data.csv
s41597-022-01473-5,weakly_supported,0.9524,fuzzy_name_high,wgs_region,False,lf_003,resource_metadata,WGS_Regions,github_github.com__RiesLabGU_LepTraits/LepTraits-main/misc/miscData/book_data.csv
s41597-022-01473-5,not_supported,0.1386,unmatched,habitat_keyword,True,lf_004,habitat_dictionary,,github_github.com__RiesLabGU_LepTraits/LepTraits-main/records/habitat_recordDictionary.csv
s41597-022-01473-5,not_supported,0.1429,unmatched,canopy_score,True,lf_004,habitat_dictionary,,github_github.com__RiesLabGU_LepTraits/LepTraits-main/records/habitat_recordDictionary.csv
s41597-022-01473-5,not_supported,0.16,unmatched,moisture_score,True,lf_004,habitat_dictionary,,github_github.com__RiesLabGU_LepTraits/LepTraits-main/records/habitat_recordDictionary.csv
s41597-022-01473-5,not_supported,0.1553,unmatched,disturbance_score,True,lf_004,habitat_dictionary,,github_github.com__RiesLabGU_LepTraits/LepTraits-main/records/habitat_recordDictionary.csv
s41597-022-01473-5,not_supported,0.1458,unmatched,edge_score,True,lf_004,habitat_dictionary,,github_github.com__RiesLabGU_LepTraits/LepTraits-main/records/habitat_recordDictionary.csv
s41597-022-01473-5,weakly_supported,0.4706,unmatched,code,True,lf_005,habitat_code_key,,github_github.com__RiesLabGU_LepTraits/LepTraits-main/records/habitat_recordKey.csv
s41597-022-01473-5,weakly_supported,0.5946,unmatched,description,True,lf_005,habitat_code_key,,github_github.com__RiesLabGU_LepTraits/LepTraits-main/records/habitat_recordKey.csv
s41597-022-01473-5,weakly_supported,0.8,fuzzy_name_low,trait_category,False,lf_005,habitat_code_key,Habitat category,github_github.com__RiesLabGU_LepTraits/LepTraits-main/records/habitat_recordKey.csv
s41597-020-00676-y,supported,0.6857,fuzzy_name_low,diet_sample_id,False,lf_001,Diet data,predator_subsample_id,github_github.com__mcarolinegraham_North_Pacific_Marine_Salmon_Diet_Database/North_Pacific_Marine_Salmon_Diet_Database-master/data/diet_data.csv
s41597-020-00676-y,supported,1.0,normalized_exact,source_id,False,lf_001,Diet data,source_id,github_github.com__mcarolinegraham_North_Pacific_Marine_Salmon_Diet_Database/North_Pacific_Marine_Salmon_Diet_Database-master/data/diet_data.csv
s41597-020-00676-y,supported,0.7368,fuzzy_name_low,latitude_min,False,lf_001,Diet data,lat_min,github_github.com__mcarolinegraham_North_Pacific_Marine_Salmon_Diet_Database/North_Pacific_Marine_Salmon_Diet_Database-master/data/diet_data.csv
s41597-020-00676-y,supported,0.7,fuzzy_name_low,longitude_max,False,lf_001,Diet data,lon_max,github_github.com__mcarolinegraham_North_Pacific_Marine_Salmon_Diet_Database/North_Pacific_Marine_Salmon_Diet_Database-master/data/diet_data.csv
s41597-020-00676-y,supported,0.5,semantic_token_overlap,prey_taxon,True,lf_001,Diet data,prey_lowest_taxonomic_level,github_github.com__mcarolinegraham_North_Pacific_Marine_Salmon_Diet_Database/North_Pacific_Marine_Salmon_Diet_Database-master/data/diet_data.csv
s41597-020-00676-y,partially_supported,0.9231,fuzzy_name_high,predator_sample_id,False,lf_002,Predator biological data,predator_subsample_id,github_github.com__mcarolinegraham_North_Pacific_Marine_Salmon_Diet_Database/North_Pacific_Marine_Salmon_Diet_Database-master/data/predator_biological_data.csv
s41597-020-00676-y,partially_supported,0.6857,fuzzy_name_low,diet_sample_id,False,lf_002,Predator biological data,predator_subsample_id,github_github.com__mcarolinegraham_North_Pacific_Marine_Salmon_Diet_Database/North_Pacific_Marine_Salmon_Diet_Database-master/data/predator_biological_data.csv
s41597-020-00676-y,partially_supported,0.5217,unmatched,salmon_length,True,lf_002,Predator biological data,,github_github.com__mcarolinegraham_North_Pacific_Marine_Salmon_Diet_Database/North_Pacific_Marine_Salmon_Diet_Database-master/data/predator_biological_data.csv
s41597-020-00676-y,partially_supported,0.5294,unmatched,salmon_weight,True,lf_002,Predator biological data,,github_github.com__mcarolinegraham_North_Pacific_Marine_Salmon_Diet_Database/North_Pacific_Marine_Salmon_Diet_Database-master/data/predator_biological_data.csv
s41597-020-00676-y,partially_supported,0.6897,fuzzy_name_low,life_stage,False,lf_002,Predator biological data,predator_life_stage,github_github.com__mcarolinegraham_North_Pacific_Marine_Salmon_Diet_Database/North_Pacific_Marine_Salmon_Diet_Database-master/data/predator_biological_data.csv
s41597-020-00676-y,weakly_supported,0.4,semantic_token_overlap,prey_taxon_id,True,lf_003,Prey biological data,prey_id,github_github.com__mcarolinegraham_North_Pacific_Marine_Salmon_Diet_Database/North_Pacific_Marine_Salmon_Diet_Database-master/data/prey_biological_data.csv
s41597-020-00676-y,weakly_supported,0.5517,unmatched,body_length,True,lf_003,Prey biological data,,github_github.com__mcarolinegraham_North_Pacific_Marine_Salmon_Diet_Database/North_Pacific_Marine_Salmon_Diet_Database-master/data/prey_biological_data.csv
s41597-020-00676-y,weakly_supported,0.5517,unmatched,body_weight,True,lf_003,Prey biological data,,github_github.com__mcarolinegraham_North_Pacific_Marine_Salmon_Diet_Database/North_Pacific_Marine_Salmon_Diet_Database-master/data/prey_biological_data.csv
s41597-020-00676-y,weakly_supported,0.5556,unmatched,size_index,True,lf_003,Prey biological data,,github_github.com__mcarolinegraham_North_Pacific_Marine_Salmon_Diet_Database/North_Pacific_Marine_Salmon_Diet_Database-master/data/prey_biological_data.csv
s41597-020-00676-y,weakly_supported,0.9714,fuzzy_name_high,gear_type_prey_id,False,lf_003,Prey biological data,gear_type_prey_id1,github_github.com__mcarolinegraham_North_Pacific_Marine_Salmon_Diet_Database/North_Pacific_Marine_Salmon_Diet_Database-master/data/prey_biological_data.csv
s41597-020-00676-y,not_supported,0.625,unmatched,site_id,True,lf_004,Environmental data,,github_github.com__mcarolinegraham_North_Pacific_Marine_Salmon_Diet_Database/North_Pacific_Marine_Salmon_Diet_Database-master/data/environmental_data.csv
s41597-020-00676-y,not_supported,0.4211,unmatched,temperature,True,lf_004,Environmental data,,github_github.com__mcarolinegraham_North_Pacific_Marine_Salmon_Diet_Database/North_Pacific_Marine_Salmon_Diet_Database-master/data/environmental_data.csv
s41597-020-00676-y,not_supported,0.4444,unmatched,salinity,True,lf_004,Environmental data,,github_github.com__mcarolinegraham_North_Pacific_Marine_Salmon_Diet_Database/North_Pacific_Marine_Salmon_Diet_Database-master/data/environmental_data.csv
s41597-020-00676-y,not_supported,0.625,unmatched,depth,True,lf_004,Environmental data,,github_github.com__mcarolinegraham_North_Pacific_Marine_Salmon_Diet_Database/North_Pacific_Marine_Salmon_Diet_Database-master/data/environmental_data.csv
s41597-020-00676-y,not_supported,0.625,unmatched,datetime,True,lf_004,Environmental data,,github_github.com__mcarolinegraham_North_Pacific_Marine_Salmon_Diet_Database/North_Pacific_Marine_Salmon_Diet_Database-master/data/environmental_data.csv
s41597-020-00676-y,supported,1.0,normalized_exact,source_id,False,lf_005,Sources,source_id,github_github.com__mcarolinegraham_North_Pacific_Marine_Salmon_Diet_Database/North_Pacific_Marine_Salmon_Diet_Database-master/data/sources.csv
s41597-020-00676-y,supported,1.0,normalized_exact,publication_year,False,lf_005,Sources,publication_year,github_github.com__mcarolinegraham_North_Pacific_Marine_Salmon_Diet_Database/North_Pacific_Marine_Salmon_Diet_Database-master/data/sources.csv
s41597-020-00676-y,supported,1.0,normalized_exact,title,False,lf_005,Sources,title,github_github.com__mcarolinegraham_North_Pacific_Marine_Salmon_Diet_Database/North_Pacific_Marine_Salmon_Diet_Database-master/data/sources.csv
s41597-020-00676-y,supported,0.8571,fuzzy_name_low,authors,False,lf_005,Sources,author1,github_github.com__mcarolinegraham_North_Pacific_Marine_Salmon_Diet_Database/North_Pacific_Marine_Salmon_Diet_Database-master/data/sources.csv
s41597-020-00676-y,supported,0.7826,fuzzy_name_low,source_type,False,lf_005,Sources,source_notes,github_github.com__mcarolinegraham_North_Pacific_Marine_Salmon_Diet_Database/North_Pacific_Marine_Salmon_Diet_Database-master/data/sources.csv
s41597-020-00676-y,supported,1.0,normalized_exact,gear_type_predator_id,False,lf_006,Gear type predator,gear_type_predator_id,github_github.com__mcarolinegraham_North_Pacific_Marine_Salmon_Diet_Database/North_Pacific_Marine_Salmon_Diet_Database-master/data/gear_type_predator.csv
s41597-020-00676-y,supported,1.0,normalized_exact,gear_type,False,lf_006,Gear type predator,gear_type,github_github.com__mcarolinegraham_North_Pacific_Marine_Salmon_Diet_Database/North_Pacific_Marine_Salmon_Diet_Database-master/data/gear_type_predator.csv
s41597-020-00676-y,supported,1.0,normalized_exact,gear_type_prey_id,False,lf_007,Gear type prey,gear_type_prey_id,github_github.com__mcarolinegraham_North_Pacific_Marine_Salmon_Diet_Database/North_Pacific_Marine_Salmon_Diet_Database-master/data/gear_type_prey.csv
s41597-020-00676-y,supported,1.0,normalized_exact,gear_type,False,lf_007,Gear type prey,gear_type,github_github.com__mcarolinegraham_North_Pacific_Marine_Salmon_Diet_Database/North_Pacific_Marine_Salmon_Diet_Database-master/data/gear_type_prey.csv
s41597-021-00844-8,partially_supported,0.4444,unmatched,Case_ID,True,lf_001,primary_line_list_data,,dataset_EN.csv
s41597-021-00844-8,partially_supported,1.0,normalized_exact,Age,False,lf_001,primary_line_list_data,Age,dataset_EN.csv
s41597-021-00844-8,partially_supported,1.0,normalized_exact,Gender,False,lf_001,primary_line_list_data,Gender,dataset_EN.csv
s41597-021-00844-8,partially_supported,1.0,normalized_exact,Arrival_Date,False,lf_001,primary_line_list_data,Arrival Date,dataset_EN.csv
s41597-021-00844-8,partially_supported,0.3333,semantic_token_overlap,Symptom_Onset_Date,True,lf_001,primary_line_list_data,Date_Symptom_Onset,dataset_EN.csv
s41597-021-00844-8,partially_supported,1.0,normalized_exact,Province,False,lf_002,data_sources_metadata,Province,data_sources.csv
s41597-021-00844-8,partially_supported,1.0,normalized_exact,City,False,lf_002,data_sources_metadata,City,data_sources.csv
s41597-021-00844-8,partially_supported,0.5,unmatched,Disclosure_URL,True,lf_002,data_sources_metadata,,data_sources.csv
s41597-021-00844-8,weakly_supported,1.0,normalized_exact,Province,False,lf_003,missing_data_reasons,province,reasons_for_missing_data.csv
s41597-021-00844-8,weakly_supported,0.3,semantic_token_overlap,Reported_Cases,True,lf_003,missing_data_reasons,Number of expected cases,reasons_for_missing_data.csv
s41597-021-00844-8,weakly_supported,0.4444,semantic_token_overlap,Collected_Cases,True,lf_003,missing_data_reasons,Number of collected cases,reasons_for_missing_data.csv
s41597-021-00844-8,weakly_supported,0.375,semantic_token_overlap,Reason,True,lf_003,missing_data_reasons,Reason for missing data,reasons_for_missing_data.csv
s41597-021-00844-8,supported,1.0,normalized_exact,Original_Text_EN,False,lf_004,original_text_corpus,Original_Text_EN,dataset_EN.csv
s41597-022-01850-0,weakly_supported,0.4,unmatched,FROAD,True,lf_001,Short-term anonymized LPR data,,github_github.com__sysuits_City-Scale-Holographic-Traffic-Flow-Data-based-on-Vehicular-Trajectory-Resampling/City-Scale-Holographic-Traffic-Flow-Data-based-on-Vehicular-Trajectory-Resampling-master/data/lpr_data.csv
s41597-022-01850-0,weakly_supported,0.4,unmatched,TROAD,True,lf_001,Short-term anonymized LPR data,,github_github.com__sysuits_City-Scale-Holographic-Traffic-Flow-Data-based-on-Vehicular-Trajectory-Resampling/City-Scale-Holographic-Traffic-Flow-Data-based-on-Vehicular-Trajectory-Resampling-master/data/lpr_data.csv
s41597-022-01850-0,weakly_supported,0.6667,fuzzy_name_low,FTIME,False,lf_001,Short-term anonymized LPR data,up_time,github_github.com__sysuits_City-Scale-Holographic-Traffic-Flow-Data-based-on-Vehicular-Trajectory-Resampling/City-Scale-Holographic-Traffic-Flow-Data-based-on-Vehicular-Trajectory-Resampling-master/data/lpr_data.csv
s41597-022-01850-0,weakly_supported,0.6667,fuzzy_name_low,TTIME,False,lf_001,Short-term anonymized LPR data,up_time,github_github.com__sysuits_City-Scale-Holographic-Traffic-Flow-Data-based-on-Vehicular-Trajectory-Resampling/City-Scale-Holographic-Traffic-Flow-Data-based-on-Vehicular-Trajectory-Resampling-master/data/lpr_data.csv
s41597-022-01850-0,weakly_supported,0.25,unmatched,VID,True,lf_001,Short-term anonymized LPR data,,github_github.com__sysuits_City-Scale-Holographic-Traffic-Flow-Data-based-on-Vehicular-Trajectory-Resampling/City-Scale-Holographic-Traffic-Flow-Data-based-on-Vehicular-Trajectory-Resampling-master/data/lpr_data.csv
s41597-020-00609-9,supported,1.0,normalized_exact,ID,False,lf_001,primary_interventions_data,id,github_github.com__amel-github_covid19-interventionmeasures/covid19-interventionmeasures-master/COVID19_non-pharmaceutical-interventions_version2_utf8.csv
s41597-020-00609-9,supported,1.0,normalized_exact,Country,False,lf_001,primary_interventions_data,Country,github_github.com__amel-github_covid19-interventionmeasures/covid19-interventionmeasures-master/COVID19_non-pharmaceutical-interventions_version2_utf8.csv
s41597-020-00609-9,supported,1.0,normalized_exact,ISO3,False,lf_001,primary_interventions_data,iso3,github_github.com__amel-github_covid19-interventionmeasures/covid19-interventionmeasures-master/COVID19_non-pharmaceutical-interventions_version2_utf8.csv
s41597-020-00609-9,supported,1.0,normalized_exact,Date,False,lf_001,primary_interventions_data,Date,github_github.com__amel-github_covid19-interventionmeasures/covid19-interventionmeasures-master/COVID19_non-pharmaceutical-interventions_version2_utf8.csv
s41597-020-00609-9,supported,0.7,fuzzy_name_low,L1_Measure,False,lf_001,primary_interventions_data,Measure_L1,github_github.com__amel-github_covid19-interventionmeasures/covid19-interventionmeasures-master/COVID19_non-pharmaceutical-interventions_version2_utf8.csv
s41597-020-00609-9,supported,0.7,fuzzy_name_low,L1_Measure,False,lf_002,master_list_of_codes,Measure_L1,github_github.com__amel-github_covid19-interventionmeasures/covid19-interventionmeasures-master/Master_list_CCCSL_v2_ordered.csv
s41597-020-00609-9,supported,0.7,fuzzy_name_low,L2_Measure,False,lf_002,master_list_of_codes,Measure_L1,github_github.com__amel-github_covid19-interventionmeasures/covid19-interventionmeasures-master/Master_list_CCCSL_v2_ordered.csv
s41597-020-00609-9,supported,0.7,fuzzy_name_low,L3_Measure,False,lf_002,master_list_of_codes,Measure_L1,github_github.com__amel-github_covid19-interventionmeasures/covid19-interventionmeasures-master/Master_list_CCCSL_v2_ordered.csv
s41597-020-00609-9,supported,0.7,fuzzy_name_low,L4_Measure,False,lf_002,master_list_of_codes,Measure_L1,github_github.com__amel-github_covid19-interventionmeasures/covid19-interventionmeasures-master/Master_list_CCCSL_v2_ordered.csv
s41597-020-00609-9,supported,0.7059,fuzzy_name_low,Parent_Code,False,lf_003,code_hierarchy_with_frequency,parent,github_github.com__amel-github_covid19-interventionmeasures/covid19-interventionmeasures-master/Master-List-with-Unique-LinkType-and-value.csv
s41597-020-00609-9,supported,0.6667,fuzzy_name_low,Child_Code,False,lf_003,code_hierarchy_with_frequency,child,github_github.com__amel-github_covid19-interventionmeasures/covid19-interventionmeasures-master/Master-List-with-Unique-LinkType-and-value.csv
s41597-020-00609-9,supported,0.6667,fuzzy_name_low,LinkType,False,lf_003,code_hierarchy_with_frequency,link,github_github.com__amel-github_covid19-interventionmeasures/covid19-interventionmeasures-master/Master-List-with-Unique-LinkType-and-value.csv
s41597-020-00609-9,supported,1.0,normalized_exact,Value,False,lf_003,code_hierarchy_with_frequency,value,github_github.com__amel-github_covid19-interventionmeasures/covid19-interventionmeasures-master/Master-List-with-Unique-LinkType-and-value.csv
s41597-020-0455-1,weakly_supported,0.4444,unmatched,chemical_name,True,lf_008,routes_and_species_summary,,github_github.com__USEPA_CompTox-PK-CvTdb/CompTox-PK-CvTdb-master/archive/routes_and_species_per_chemical.csv
s41597-020-0455-1,weakly_supported,0.3333,unmatched,species,True,lf_008,routes_and_species_summary,,github_github.com__USEPA_CompTox-PK-CvTdb/CompTox-PK-CvTdb-master/archive/routes_and_species_per_chemical.csv
s41597-020-0455-1,weakly_supported,0.6,unmatched,route,True,lf_008,routes_and_species_summary,,github_github.com__USEPA_CompTox-PK-CvTdb/CompTox-PK-CvTdb-master/archive/routes_and_species_per_chemical.csv
s41597-020-0455-1,weakly_supported,0.3125,unmatched,study_count,True,lf_008,routes_and_species_summary,,github_github.com__USEPA_CompTox-PK-CvTdb/CompTox-PK-CvTdb-master/archive/routes_and_species_per_chemical.csv
s41597-020-0455-1,weakly_supported,0.9231,fuzzy_name_high,test_substance_sid,False,lf_008,routes_and_species_summary,test_substance_DTXSID,github_github.com__USEPA_CompTox-PK-CvTdb/CompTox-PK-CvTdb-master/archive/routes_and_species_per_chemical.csv
s41597-020-00610-2,supported,1.0,normalized_exact,unique_id,False,lf_001,main_intervention_data,unique_id,github_github.com__HopkinsIDD_hit-covid/hit-covid-master/data/hit-covid-longdata.csv
s41597-020-00610-2,supported,1.0,normalized_exact,record_id,False,lf_001,main_intervention_data,record_id,github_github.com__HopkinsIDD_hit-covid/hit-covid-master/data/hit-covid-longdata.csv
s41597-020-00610-2,supported,1.0,normalized_exact,date_of_update,False,lf_001,main_intervention_data,date_of_update,github_github.com__HopkinsIDD_hit-covid/hit-covid-master/data/hit-covid-longdata.csv
s41597-020-00610-2,supported,0.8276,fuzzy_name_low,intervention,False,lf_001,main_intervention_data,intervention_name,github_github.com__HopkinsIDD_hit-covid/hit-covid-master/data/hit-covid-longdata.csv
s41597-020-00610-2,supported,1.0,normalized_exact,entry_quality,False,lf_001,main_intervention_data,entry_quality,github_github.com__HopkinsIDD_hit-covid/hit-covid-master/data/hit-covid-longdata.csv
s41597-020-00610-2,supported,1.0,normalized_exact,country,False,lf_002,completeness_assessment_data,country,github_github.com__HopkinsIDD_hit-covid/hit-covid-master/data/hit-covid-completeness.csv
s41597-020-00610-2,supported,1.0,normalized_exact,admin1,False,lf_002,completeness_assessment_data,admin1,github_github.com__HopkinsIDD_hit-covid/hit-covid-master/data/hit-covid-completeness.csv
s41597-020-00610-2,supported,1.0,normalized_exact,intervention_group,False,lf_002,completeness_assessment_data,intervention_group,github_github.com__HopkinsIDD_hit-covid/hit-covid-master/data/hit-covid-completeness.csv
s41597-020-00610-2,supported,1.0,normalized_exact,date,False,lf_002,completeness_assessment_data,date,github_github.com__HopkinsIDD_hit-covid/hit-covid-master/data/hit-covid-completeness.csv
s41597-020-00610-2,supported,1.0,normalized_exact,completeness,False,lf_002,completeness_assessment_data,completeness,github_github.com__HopkinsIDD_hit-covid/hit-covid-master/data/hit-covid-completeness.csv
s41597-020-00712-x,not_supported,0.0784,unmatched,building_id,True,lf_001,building_metadata,,github_github.com__buds-lab_building-data-genome-project-2/building-data-genome-project-2-master/data/metadata/metadata.csv
s41597-020-00712-x,not_supported,0.2128,unmatched,site_id,True,lf_001,building_metadata,,github_github.com__buds-lab_building-data-genome-project-2/building-data-genome-project-2-master/data/metadata/metadata.csv
s41597-020-00712-x,not_supported,0.2105,unmatched,primaryspaceusage,True,lf_001,building_metadata,,github_github.com__buds-lab_building-data-genome-project-2/building-data-genome-project-2-master/data/metadata/metadata.csv
s41597-020-00712-x,not_supported,0.1364,unmatched,sqft,True,lf_001,building_metadata,,github_github.com__buds-lab_building-data-genome-project-2/building-data-genome-project-2-master/data/metadata/metadata.csv
s41597-020-00712-x,not_supported,0.1667,unmatched,timezone,True,lf_001,building_metadata,,github_github.com__buds-lab_building-data-genome-project-2/building-data-genome-project-2-master/data/metadata/metadata.csv
s41597-020-00712-x,not_supported,0.1633,unmatched,timestamp,True,lf_002,weather_data,,github_github.com__buds-lab_building-data-genome-project-2/building-data-genome-project-2-master/data/weather/weather.csv
s41597-020-00712-x,not_supported,0.2128,unmatched,site_id,True,lf_002,weather_data,,github_github.com__buds-lab_building-data-genome-project-2/building-data-genome-project-2-master/data/weather/weather.csv
s41597-020-00712-x,not_supported,0.1852,unmatched,airTemperature,True,lf_002,weather_data,,github_github.com__buds-lab_building-data-genome-project-2/building-data-genome-project-2-master/data/weather/weather.csv
s41597-020-00712-x,not_supported,0.2041,unmatched,windSpeed,True,lf_002,weather_data,,github_github.com__buds-lab_building-data-genome-project-2/building-data-genome-project-2-master/data/weather/weather.csv
s41597-020-00712-x,not_supported,0.1887,unmatched,cloudCoverage,True,lf_002,weather_data,,github_github.com__buds-lab_building-data-genome-project-2/building-data-genome-project-2-master/data/weather/weather.csv
s41597-020-00712-x,not_supported,0.1633,unmatched,timestamp,True,lf_003,raw_meter_data_electricity,,github_github.com__buds-lab_building-data-genome-project-2/building-data-genome-project-2-master/data/meters/raw/electricity.csv
s41597-020-00712-x,not_supported,0.2333,unmatched,Raven_Education_Nina,True,lf_003,raw_meter_data_electricity,,github_github.com__buds-lab_building-data-genome-project-2/building-data-genome-project-2-master/data/meters/raw/electricity.csv
s41597-020-00712-x,not_supported,0.1633,unmatched,timestamp,True,lf_004,raw_meter_data_gas,,github_github.com__buds-lab_building-data-genome-project-2/building-data-genome-project-2-master/data/meters/raw/gas.csv
s41597-020-00712-x,not_supported,0.3175,unmatched,Falcon_Healthcare_James,True,lf_004,raw_meter_data_gas,,github_github.com__buds-lab_building-data-genome-project-2/building-data-genome-project-2-master/data/meters/raw/gas.csv
s41597-020-00712-x,not_supported,0.1633,unmatched,timestamp,True,lf_005,raw_meter_data_water,,github_github.com__buds-lab_building-data-genome-project-2/building-data-genome-project-2-master/data/meters/raw/water.csv
s41597-020-00712-x,not_supported,0.2456,unmatched,Eagle_Office_Lisa,True,lf_005,raw_meter_data_water,,github_github.com__buds-lab_building-data-genome-project-2/building-data-genome-project-2-master/data/meters/raw/water.csv
s41597-020-00712-x,not_supported,0.1633,unmatched,timestamp,True,lf_007,kaggle_meter_data,,github_github.com__buds-lab_building-data-genome-project-2/building-data-genome-project-2-master/data/meters/kaggle/kaggle.csv
s41597-020-00712-x,not_supported,0.0784,unmatched,building_id,True,lf_007,kaggle_meter_data,,github_github.com__buds-lab_building-data-genome-project-2/building-data-genome-project-2-master/data/meters/kaggle/kaggle.csv
s41597-020-00712-x,not_supported,0.1509,unmatched,meter_reading,True,lf_007,kaggle_meter_data,,github_github.com__buds-lab_building-data-genome-project-2/building-data-genome-project-2-master/data/meters/kaggle/kaggle.csv
s41597-020-00712-x,not_supported,0.24,unmatched,meter_type,True,lf_007,kaggle_meter_data,,github_github.com__buds-lab_building-data-genome-project-2/building-data-genome-project-2-master/data/meters/kaggle/kaggle.csv
s41597-020-00712-x,not_supported,0.2128,unmatched,site_id,True,lf_007,kaggle_meter_data,,github_github.com__buds-lab_building-data-genome-project-2/building-data-genome-project-2-master/data/meters/kaggle/kaggle.csv
s41597-022-01255-z,supported,0.6667,fuzzy_name_low,Filename,False,lf_001,knee_annotations,file,github_github.com__microsoft_fastmri-plus/fastmri-plus-main/Annotations/knee.csv
s41597-022-01255-z,supported,0.5882,unmatched,Slice Number,True,lf_001,knee_annotations,,github_github.com__microsoft_fastmri-plus/fastmri-plus-main/Annotations/knee.csv
s41597-022-01255-z,supported,1.0,normalized_exact,x,False,lf_001,knee_annotations,x,github_github.com__microsoft_fastmri-plus/fastmri-plus-main/Annotations/knee.csv
s41597-022-01255-z,supported,1.0,normalized_exact,y,False,lf_001,knee_annotations,y,github_github.com__microsoft_fastmri-plus/fastmri-plus-main/Annotations/knee.csv
s41597-022-01255-z,supported,1.0,normalized_exact,Label,False,lf_001,knee_annotations,label,github_github.com__microsoft_fastmri-plus/fastmri-plus-main/Annotations/knee.csv
s41597-022-01255-z,supported,0.6667,fuzzy_name_low,Filename,False,lf_002,brain_annotations,file,github_github.com__microsoft_fastmri-plus/fastmri-plus-main/Annotations/brain.csv
s41597-022-01255-z,supported,0.5882,unmatched,Slice Number,True,lf_002,brain_annotations,,github_github.com__microsoft_fastmri-plus/fastmri-plus-main/Annotations/brain.csv
s41597-022-01255-z,supported,1.0,normalized_exact,width,False,lf_002,brain_annotations,width,github_github.com__microsoft_fastmri-plus/fastmri-plus-main/Annotations/brain.csv
s41597-022-01255-z,supported,1.0,normalized_exact,height,False,lf_002,brain_annotations,height,github_github.com__microsoft_fastmri-plus/fastmri-plus-main/Annotations/brain.csv
s41597-022-01255-z,supported,1.0,normalized_exact,Study Level,False,lf_002,brain_annotations,study_level,github_github.com__microsoft_fastmri-plus/fastmri-plus-main/Annotations/brain.csv
s41597-022-01255-z,not_supported,0.4211,unmatched,Filename,True,lf_003,knee_file_list,,github_github.com__microsoft_fastmri-plus/fastmri-plus-main/Annotations/knee_file_list.csv
s41597-022-01255-z,not_supported,0.3158,unmatched,Filename,True,lf_004,brain_file_list,,github_github.com__microsoft_fastmri-plus/fastmri-plus-main/Annotations/brain_file_list.csv
s41597-022-01432-0,partially_supported,0.8235,fuzzy_name_low,Dataset_ID,False,lf_005,dataset_inventory,Dataset,github_github.com__lexibank_lexibank-analysed/lexibank-analysed-main/etc/lexibank.tsv
s41597-022-01432-0,partially_supported,0.75,fuzzy_name_low,Zenodo_DOI,False,lf_005,dataset_inventory,Zenodo,github_github.com__lexibank_lexibank-analysed/lexibank-analysed-main/etc/lexibank.tsv
s41597-022-01432-0,partially_supported,0.2727,unmatched,GitHub_URL,True,lf_005,dataset_inventory,,github_github.com__lexibank_lexibank-analysed/lexibank-analysed-main/etc/lexibank.tsv
s41597-022-01432-0,partially_supported,0.5455,unmatched,Standardization_Level,True,lf_005,dataset_inventory,,github_github.com__lexibank_lexibank-analysed/lexibank-analysed-main/etc/lexibank.tsv
s41597-022-01437-9,supported,1.0,normalized_exact,cname,False,lf_001,Country-level PPI aggregates (Method 1),cname,github_github.com__COVID-policy-response-lab_PPI-data/PPI-data-main/data/PPI_country_m1.csv
s41597-022-01437-9,supported,1.0,normalized_exact,isocode,False,lf_001,Country-level PPI aggregates (Method 1),isocode,github_github.com__COVID-policy-response-lab_PPI-data/PPI-data-main/data/PPI_country_m1.csv
s41597-022-01437-9,supported,1.0,normalized_exact,isoabbr,False,lf_001,Country-level PPI aggregates (Method 1),isoabbr,github_github.com__COVID-policy-response-lab_PPI-data/PPI-data-main/data/PPI_country_m1.csv
s41597-022-01437-9,supported,1.0,normalized_exact,date,False,lf_001,Country-level PPI aggregates (Method 1),date,github_github.com__COVID-policy-response-lab_PPI-data/PPI-data-main/data/PPI_country_m1.csv
s41597-022-01437-9,supported,1.0,normalized_exact,ppi.all.tot.ave,False,lf_001,Country-level PPI aggregates (Method 1),ppi.all.tot.ave,github_github.com__COVID-policy-response-lab_PPI-data/PPI-data-main/data/PPI_country_m1.csv
s41597-022-01437-9,supported,1.0,normalized_exact,cname,False,lf_002,Country-level PPI aggregates (Method 2),cname,github_github.com__COVID-policy-response-lab_PPI-data/PPI-data-main/data/PPI_country_m2.csv
s41597-022-01437-9,supported,1.0,normalized_exact,isocode,False,lf_002,Country-level PPI aggregates (Method 2),isocode,github_github.com__COVID-policy-response-lab_PPI-data/PPI-data-main/data/PPI_country_m2.csv
s41597-022-01437-9,supported,1.0,normalized_exact,isoabbr,False,lf_002,Country-level PPI aggregates (Method 2),isoabbr,github_github.com__COVID-policy-response-lab_PPI-data/PPI-data-main/data/PPI_country_m2.csv
s41597-022-01437-9,supported,1.0,normalized_exact,date,False,lf_002,Country-level PPI aggregates (Method 2),date,github_github.com__COVID-policy-response-lab_PPI-data/PPI-data-main/data/PPI_country_m2.csv
s41597-022-01437-9,supported,0.9444,fuzzy_name_high,ppi.all.tot.ave.0.2,False,lf_002,Country-level PPI aggregates (Method 2),ppi.all.tot.ave.2,github_github.com__COVID-policy-response-lab_PPI-data/PPI-data-main/data/PPI_country_m2.csv
s41597-022-01437-9,supported,0.4444,unmatched,cname,True,lf_005,Policy change log (Method 1),,github_github.com__COVID-policy-response-lab_PPI-data/PPI-data-main/data/changes_regions_m1.csv
s41597-022-01437-9,supported,1.0,normalized_exact,isoabbr,False,lf_005,Policy change log (Method 1),isoabbr,github_github.com__COVID-policy-response-lab_PPI-data/PPI-data-main/data/changes_regions_m1.csv
s41597-022-01437-9,supported,1.0,normalized_exact,state_province,False,lf_005,Policy change log (Method 1),state_province,github_github.com__COVID-policy-response-lab_PPI-data/PPI-data-main/data/changes_regions_m1.csv
s41597-022-01437-9,supported,1.0,normalized_exact,date,False,lf_005,Policy change log (Method 1),date,github_github.com__COVID-policy-response-lab_PPI-data/PPI-data-main/data/changes_regions_m1.csv
s41597-022-01437-9,supported,1.0,normalized_exact,report_date,False,lf_005,Policy change log (Method 1),report_date,github_github.com__COVID-policy-response-lab_PPI-data/PPI-data-main/data/changes_regions_m1.csv
s41597-022-01704-9,partially_supported,0.625,unmatched,estimate_id,True,lf_001,raw_data,,github_github.com__p-pottier_Amphibian_upper_thermal_limits/Amphibian_upper_thermal_limits-main/data/Raw_data.csv
s41597-022-01704-9,partially_supported,1.0,normalized_exact,study_id,False,lf_001,raw_data,study_ID,github_github.com__p-pottier_Amphibian_upper_thermal_limits/Amphibian_upper_thermal_limits-main/data/Raw_data.csv
s41597-022-01704-9,partially_supported,1.0,normalized_exact,species,False,lf_001,raw_data,species,github_github.com__p-pottier_Amphibian_upper_thermal_limits/Amphibian_upper_thermal_limits-main/data/Raw_data.csv
s41597-022-01704-9,partially_supported,0.4615,unmatched,ctmax,True,lf_001,raw_data,,github_github.com__p-pottier_Amphibian_upper_thermal_limits/Amphibian_upper_thermal_limits-main/data/Raw_data.csv
s41597-022-01704-9,partially_supported,1.0,normalized_exact,acclimation_temp,False,lf_001,raw_data,acclimation_temp,github_github.com__p-pottier_Amphibian_upper_thermal_limits/Amphibian_upper_thermal_limits-main/data/Raw_data.csv
s41597-022-01704-9,weakly_supported,0.625,unmatched,estimate_id,True,lf_002,curated_data,,github_github.com__p-pottier_Amphibian_upper_thermal_limits/Amphibian_upper_thermal_limits-main/data/Curated_data.csv
s41597-022-01704-9,weakly_supported,1.0,normalized_exact,species,False,lf_002,curated_data,species,github_github.com__p-pottier_Amphibian_upper_thermal_limits/Amphibian_upper_thermal_limits-main/data/Curated_data.csv
s41597-022-01704-9,weakly_supported,0.4615,unmatched,ctmax,True,lf_002,curated_data,,github_github.com__p-pottier_Amphibian_upper_thermal_limits/Amphibian_upper_thermal_limits-main/data/Curated_data.csv
s41597-022-01704-9,weakly_supported,0.5,unmatched,sd_ctmax,True,lf_002,curated_data,,github_github.com__p-pottier_Amphibian_upper_thermal_limits/Amphibian_upper_thermal_limits-main/data/Curated_data.csv
s41597-022-01704-9,weakly_supported,0.5,unmatched,sample_size,True,lf_002,curated_data,,github_github.com__p-pottier_Amphibian_upper_thermal_limits/Amphibian_upper_thermal_limits-main/data/Curated_data.csv
s41597-022-01704-9,weakly_supported,0.25,unmatched,variable_name,True,lf_003,metadata,,github_github.com__p-pottier_Amphibian_upper_thermal_limits/Amphibian_upper_thermal_limits-main/data/Metadata.csv
s41597-022-01704-9,weakly_supported,1.0,normalized_exact,description,False,lf_003,metadata,Description,github_github.com__p-pottier_Amphibian_upper_thermal_limits/Amphibian_upper_thermal_limits-main/data/Metadata.csv
s41597-022-01704-9,weakly_supported,0.25,unmatched,unit,True,lf_003,metadata,,github_github.com__p-pottier_Amphibian_upper_thermal_limits/Amphibian_upper_thermal_limits-main/data/Metadata.csv
s41597-022-01704-9,weakly_supported,0.6154,unmatched,data_type,True,lf_003,metadata,,github_github.com__p-pottier_Amphibian_upper_thermal_limits/Amphibian_upper_thermal_limits-main/data/Metadata.csv
s41597-022-01704-9,weakly_supported,0.2353,unmatched,source,True,lf_003,metadata,,github_github.com__p-pottier_Amphibian_upper_thermal_limits/Amphibian_upper_thermal_limits-main/data/Metadata.csv
s41597-022-01704-9,weakly_supported,0.5,unmatched,species,True,lf_005,taxonomic_classification,,github_github.com__p-pottier_Amphibian_upper_thermal_limits/Amphibian_upper_thermal_limits-main/data/amph_shl_new_Classification.csv
s41597-022-01704-9,weakly_supported,1.0,normalized_exact,family,False,lf_005,taxonomic_classification,Family,github_github.com__p-pottier_Amphibian_upper_thermal_limits/Amphibian_upper_thermal_limits-main/data/amph_shl_new_Classification.csv
s41597-022-01704-9,weakly_supported,0.4,unmatched,order,True,lf_005,taxonomic_classification,,github_github.com__p-pottier_Amphibian_upper_thermal_limits/Amphibian_upper_thermal_limits-main/data/amph_shl_new_Classification.csv
s41597-022-01704-9,weakly_supported,0.8,fuzzy_name_low,genus,False,lf_005,taxonomic_classification,Genes,github_github.com__p-pottier_Amphibian_upper_thermal_limits/Amphibian_upper_thermal_limits-main/data/amph_shl_new_Classification.csv
s41597-022-01704-9,weakly_supported,0.4,unmatched,species_id,True,lf_005,taxonomic_classification,,github_github.com__p-pottier_Amphibian_upper_thermal_limits/Amphibian_upper_thermal_limits-main/data/amph_shl_new_Classification.csv
s41597-022-01788-3,supported,1.0,normalized_exact,Health_Board,False,lf_001,main_raw_data,Health_Board,github_github.com__BioRDM_COVID-Wastewater-Scotland/COVID-Wastewater-Scotland-main/data/SARS-Cov2_RNA_monitoring_ww_scotland.csv
s41597-022-01788-3,supported,1.0,normalized_exact,Site,False,lf_001,main_raw_data,Site,github_github.com__BioRDM_COVID-Wastewater-Scotland/COVID-Wastewater-Scotland-main/data/SARS-Cov2_RNA_monitoring_ww_scotland.csv
s41597-022-01788-3,supported,1.0,normalized_exact,Date_collected,False,lf_001,main_raw_data,Date_collected,github_github.com__BioRDM_COVID-Wastewater-Scotland/COVID-Wastewater-Scotland-main/data/SARS-Cov2_RNA_monitoring_ww_scotland.csv
s41597-022-01788-3,supported,1.0,normalized_exact,N1_Reported_value-gc_per_L,False,lf_001,main_raw_data,N1_Reported_value-gc_per_L,github_github.com__BioRDM_COVID-Wastewater-Scotland/COVID-Wastewater-Scotland-main/data/SARS-Cov2_RNA_monitoring_ww_scotland.csv
s41597-022-01788-3,supported,1.0,normalized_exact,Flow-L_per_day,False,lf_001,main_raw_data,Flow-L_per_day,github_github.com__BioRDM_COVID-Wastewater-Scotland/COVID-Wastewater-Scotland-main/data/SARS-Cov2_RNA_monitoring_ww_scotland.csv
s41597-022-01788-3,supported,1.0,normalized_exact,Latitude_dd,False,lf_002,enriched_site_data,Latitude_dd,github_github.com__BioRDM_COVID-Wastewater-Scotland/COVID-Wastewater-Scotland-main/data/SARS-Cov2_RNA_monitoring_ww_scotland_full.csv
s41597-022-01788-3,supported,1.0,normalized_exact,Longitude_dd,False,lf_002,enriched_site_data,Longitude_dd,github_github.com__BioRDM_COVID-Wastewater-Scotland/COVID-Wastewater-Scotland-main/data/SARS-Cov2_RNA_monitoring_ww_scotland_full.csv
s41597-022-01788-3,supported,1.0,normalized_exact,Population,False,lf_002,enriched_site_data,Population,github_github.com__BioRDM_COVID-Wastewater-Scotland/COVID-Wastewater-Scotland-main/data/SARS-Cov2_RNA_monitoring_ww_scotland_full.csv
s41597-022-01788-3,supported,1.0,normalized_exact,Population_band,False,lf_002,enriched_site_data,Population_band,github_github.com__BioRDM_COVID-Wastewater-Scotland/COVID-Wastewater-Scotland-main/data/SARS-Cov2_RNA_monitoring_ww_scotland_full.csv
s41597-022-01788-3,supported,1.0,normalized_exact,Million_gene_copies_per_person_per_day,False,lf_002,enriched_site_data,Million_gene_copies_per_person_per_day,github_github.com__BioRDM_COVID-Wastewater-Scotland/COVID-Wastewater-Scotland-main/data/SARS-Cov2_RNA_monitoring_ww_scotland_full.csv
s41597-022-01788-3,supported,1.0,normalized_exact,Health_Board,False,lf_003,wide_format_time_series,Health_Board,github_github.com__BioRDM_COVID-Wastewater-Scotland/COVID-Wastewater-Scotland-main/data/prevalence_timeseries.csv
s41597-022-01788-3,supported,1.0,normalized_exact,Site,False,lf_003,wide_format_time_series,Site,github_github.com__BioRDM_COVID-Wastewater-Scotland/COVID-Wastewater-Scotland-main/data/prevalence_timeseries.csv
s41597-022-01788-3,supported,1.0,normalized_exact,2020-05-28,False,lf_003,wide_format_time_series,2020-05-28,github_github.com__BioRDM_COVID-Wastewater-Scotland/COVID-Wastewater-Scotland-main/data/prevalence_timeseries.csv
s41597-022-01788-3,supported,1.0,normalized_exact,Health_Board,False,lf_004,normalized_wide_time_series,Health_Board,github_github.com__BioRDM_COVID-Wastewater-Scotland/COVID-Wastewater-Scotland-main/data/norm_prevalence_timeseries.csv
s41597-022-01788-3,supported,1.0,normalized_exact,Site,False,lf_004,normalized_wide_time_series,Site,github_github.com__BioRDM_COVID-Wastewater-Scotland/COVID-Wastewater-Scotland-main/data/norm_prevalence_timeseries.csv
s41597-022-01788-3,supported,1.0,normalized_exact,2020-05-28,False,lf_004,normalized_wide_time_series,2020-05-28,github_github.com__BioRDM_COVID-Wastewater-Scotland/COVID-Wastewater-Scotland-main/data/norm_prevalence_timeseries.csv
s41597-022-01788-3,supported,1.0,normalized_exact,Health_Board,False,lf_005,weekly_averaged_data,Health_Board,github_github.com__BioRDM_COVID-Wastewater-Scotland/COVID-Wastewater-Scotland-main/data/weekly_prevalence_timeseries.csv
s41597-022-01788-3,supported,1.0,normalized_exact,Site,False,lf_005,weekly_averaged_data,Site,github_github.com__BioRDM_COVID-Wastewater-Scotland/COVID-Wastewater-Scotland-main/data/weekly_prevalence_timeseries.csv
s41597-022-01788-3,supported,0.9231,fuzzy_name_high,2022-6,False,lf_005,weekly_averaged_data,2022-06,github_github.com__BioRDM_COVID-Wastewater-Scotland/COVID-Wastewater-Scotland-main/data/weekly_prevalence_timeseries.csv
s41597-022-01788-3,supported,1.0,normalized_exact,Health_Board,False,lf_006,weekly_normalized_averaged_data,Health_Board,github_github.com__BioRDM_COVID-Wastewater-Scotland/COVID-Wastewater-Scotland-main/data/weekly_norm_prevalence_timeseries.csv
s41597-022-01788-3,supported,1.0,normalized_exact,Site,False,lf_006,weekly_normalized_averaged_data,Site,github_github.com__BioRDM_COVID-Wastewater-Scotland/COVID-Wastewater-Scotland-main/data/weekly_norm_prevalence_timeseries.csv
s41597-022-01788-3,supported,0.9231,fuzzy_name_high,2022-6,False,lf_006,weekly_normalized_averaged_data,2022-06,github_github.com__BioRDM_COVID-Wastewater-Scotland/COVID-Wastewater-Scotland-main/data/weekly_norm_prevalence_timeseries.csv
s41597-023-02676-0,supported,1.0,normalized_exact,data,False,lf_008,latest_combined_dataset,data,github_github.com__fbranda_west-nile/west-nile-main/latest-wnv.csv
s41597-023-02676-0,supported,1.0,normalized_exact,name_province,False,lf_008,latest_combined_dataset,name_province,github_github.com__fbranda_west-nile/west-nile-main/latest-wnv.csv
s41597-023-02676-0,supported,1.0,normalized_exact,host,False,lf_008,latest_combined_dataset,host,github_github.com__fbranda_west-nile/west-nile-main/latest-wnv.csv
s41597-023-02676-0,supported,1.0,normalized_exact,new_cases,False,lf_008,latest_combined_dataset,new_cases,github_github.com__fbranda_west-nile/west-nile-main/latest-wnv.csv
s41597-023-02676-0,supported,1.0,normalized_exact,total_cases,False,lf_008,latest_combined_dataset,total_cases,github_github.com__fbranda_west-nile/west-nile-main/latest-wnv.csv
s41597-024-03368-z,supported,1.0,normalized_exact,trait,False,lf_001,APD_traits_input,trait,github_github.com__traitecoevo_APD/APD-master/data/APD_traits_input.csv
s41597-024-03368-z,supported,1.0,normalized_exact,description,False,lf_001,APD_traits_input,description,github_github.com__traitecoevo_APD/APD-master/data/APD_traits_input.csv
s41597-024-03368-z,supported,0.6667,fuzzy_name_low,trait_type,False,lf_001,APD_traits_input,trait,github_github.com__traitecoevo_APD/APD-master/data/APD_traits_input.csv
s41597-024-03368-z,supported,1.0,normalized_exact,units,False,lf_001,APD_traits_input,units,github_github.com__traitecoevo_APD/APD-master/data/APD_traits_input.csv
s41597-024-03368-z,supported,0.4,unmatched,allowed_values_min,True,lf_001,APD_traits_input,,github_github.com__traitecoevo_APD/APD-master/data/APD_traits_input.csv
s41597-024-03368-z,partially_supported,0.6667,fuzzy_name_low,trait,False,lf_002,APD_categorical_values_input,trait_name,github_github.com__traitecoevo_APD/APD-master/data/APD_categorical_values_input.csv
s41597-024-03368-z,partially_supported,0.4,unmatched,value,True,lf_002,APD_categorical_values_input,,github_github.com__traitecoevo_APD/APD-master/data/APD_categorical_values_input.csv
s41597-024-03368-z,partially_supported,1.0,normalized_exact,description,False,lf_002,APD_categorical_values_input,description,github_github.com__traitecoevo_APD/APD-master/data/APD_categorical_values_input.csv
s41597-024-03368-z,partially_supported,0.3158,unmatched,synonyms,True,lf_002,APD_categorical_values_input,,github_github.com__traitecoevo_APD/APD-master/data/APD_categorical_values_input.csv
s41597-024-03368-z,partially_supported,1.0,normalized_exact,identifier,False,lf_002,APD_categorical_values_input,identifier,github_github.com__traitecoevo_APD/APD-master/data/APD_categorical_values_input.csv
s41597-024-03368-z,weakly_supported,0.4,unmatched,trait,True,lf_003,APD_trait_hierarchy,,github_github.com__traitecoevo_APD/APD-master/data/APD_trait_hierarchy.csv
s41597-024-03368-z,weakly_supported,0.6667,fuzzy_name_low,parent_group,False,lf_003,APD_trait_hierarchy,Parent,github_github.com__traitecoevo_APD/APD-master/data/APD_trait_hierarchy.csv
s41597-024-03368-z,weakly_supported,0.375,unmatched,group_path,True,lf_003,APD_trait_hierarchy,,github_github.com__traitecoevo_APD/APD-master/data/APD_trait_hierarchy.csv
s41597-024-03368-z,weakly_supported,0.6,unmatched,level,True,lf_003,APD_trait_hierarchy,,github_github.com__traitecoevo_APD/APD-master/data/APD_trait_hierarchy.csv
s41597-024-03368-z,weakly_supported,1.0,normalized_exact,identifier,False,lf_003,APD_trait_hierarchy,identifier,github_github.com__traitecoevo_APD/APD-master/data/APD_trait_hierarchy.csv
s41597-024-03368-z,weakly_supported,0.4286,unmatched,term,True,lf_004,APD_glossary,,github_github.com__traitecoevo_APD/APD-master/data/APD_glossary.csv
s41597-024-03368-z,weakly_supported,0.6667,fuzzy_name_low,definition,False,lf_004,APD_glossary,description,github_github.com__traitecoevo_APD/APD-master/data/APD_glossary.csv
s41597-024-03368-z,weakly_supported,0.2353,unmatched,source,True,lf_004,APD_glossary,,github_github.com__traitecoevo_APD/APD-master/data/APD_glossary.csv
s41597-024-03368-z,weakly_supported,0.2857,unmatched,uri,True,lf_004,APD_glossary,,github_github.com__traitecoevo_APD/APD-master/data/APD_glossary.csv
s41597-024-03368-z,weakly_supported,0.2857,unmatched,type,True,lf_004,APD_glossary,,github_github.com__traitecoevo_APD/APD-master/data/APD_glossary.csv
s41597-024-03368-z,weakly_supported,0.3636,unmatched,reference_id,True,lf_005,APD_references,,github_github.com__traitecoevo_APD/APD-master/data/APD_references.csv
s41597-024-03368-z,weakly_supported,0.3077,unmatched,doi,True,lf_005,APD_references,,github_github.com__traitecoevo_APD/APD-master/data/APD_references.csv
s41597-024-03368-z,weakly_supported,1.0,normalized_exact,title,False,lf_005,APD_references,title,github_github.com__traitecoevo_APD/APD-master/data/APD_references.csv
s41597-024-03368-z,weakly_supported,0.4,unmatched,authors,True,lf_005,APD_references,,github_github.com__traitecoevo_APD/APD-master/data/APD_references.csv
s41597-024-03368-z,weakly_supported,0.2857,unmatched,year,True,lf_005,APD_references,,github_github.com__traitecoevo_APD/APD-master/data/APD_references.csv
s41597-024-03368-z,weakly_supported,0.375,unmatched,reviewer_id,True,lf_006,APD_reviewers,,github_github.com__traitecoevo_APD/APD-master/data/APD_reviewers.csv
s41597-024-03368-z,weakly_supported,1.0,normalized_exact,orcid,False,lf_006,APD_reviewers,ORCID,github_github.com__traitecoevo_APD/APD-master/data/APD_reviewers.csv
s41597-024-03368-z,weakly_supported,0.4444,unmatched,name,True,lf_006,APD_reviewers,,github_github.com__traitecoevo_APD/APD-master/data/APD_reviewers.csv
s41597-024-03368-z,weakly_supported,0.25,unmatched,affiliation,True,lf_006,APD_reviewers,,github_github.com__traitecoevo_APD/APD-master/data/APD_reviewers.csv
s41597-024-03368-z,weakly_supported,0.4,unmatched,expertise,True,lf_006,APD_reviewers,,github_github.com__traitecoevo_APD/APD-master/data/APD_reviewers.csv
s41597-024-03368-z,partially_supported,0.6667,fuzzy_name_low,unit_label,False,lf_007,APD_units,label,github_github.com__traitecoevo_APD/APD-master/data/APD_units.csv
s41597-024-03368-z,partially_supported,1.0,normalized_exact,ucum_code,False,lf_007,APD_units,UCUM_code,github_github.com__traitecoevo_APD/APD-master/data/APD_units.csv
s41597-024-03368-z,partially_supported,0.375,unmatched,uom_uri,True,lf_007,APD_units,,github_github.com__traitecoevo_APD/APD-master/data/APD_units.csv
s41597-024-03368-z,partially_supported,1.0,normalized_exact,description,False,lf_007,APD_units,description,github_github.com__traitecoevo_APD/APD-master/data/APD_units.csv
s41597-024-03368-z,partially_supported,0.4,unmatched,si_equivalent,True,lf_007,APD_units,,github_github.com__traitecoevo_APD/APD-master/data/APD_units.csv
s41597-024-04232-w,supported,1.0,normalized_exact,name,False,lf_001,final_dataset,name,github_github.com__j-adamczyk_ApisTox_dataset/ApisTox_dataset-master/outputs/dataset_final.csv
s41597-024-04232-w,supported,1.0,normalized_exact,CAS,False,lf_001,final_dataset,CAS,github_github.com__j-adamczyk_ApisTox_dataset/ApisTox_dataset-master/outputs/dataset_final.csv
s41597-024-04232-w,supported,1.0,normalized_exact,SMILES,False,lf_001,final_dataset,SMILES,github_github.com__j-adamczyk_ApisTox_dataset/ApisTox_dataset-master/outputs/dataset_final.csv
s41597-024-04232-w,supported,1.0,normalized_exact,label,False,lf_001,final_dataset,label,github_github.com__j-adamczyk_ApisTox_dataset/ApisTox_dataset-master/outputs/dataset_final.csv
s41597-024-04232-w,supported,1.0,normalized_exact,ppdb_level,False,lf_001,final_dataset,ppdb_level,github_github.com__j-adamczyk_ApisTox_dataset/ApisTox_dataset-master/outputs/dataset_final.csv
s41597-024-04232-w,weakly_supported,0.4865,unmatched,substance_name,True,lf_002,ecotox_raw,,github_github.com__j-adamczyk_ApisTox_dataset/ApisTox_dataset-master/raw_data/ecotox.csv
s41597-024-04232-w,weakly_supported,0.4615,unmatched,CAS,True,lf_002,ecotox_raw,,github_github.com__j-adamczyk_ApisTox_dataset/ApisTox_dataset-master/raw_data/ecotox.csv
s41597-024-04232-w,weakly_supported,0.4138,unmatched,LD50_mean,True,lf_002,ecotox_raw,,github_github.com__j-adamczyk_ApisTox_dataset/ApisTox_dataset-master/raw_data/ecotox.csv
s41597-024-04232-w,weakly_supported,1.0,normalized_exact,exposure_type,False,lf_002,ecotox_raw,Exposure Type,github_github.com__j-adamczyk_ApisTox_dataset/ApisTox_dataset-master/raw_data/ecotox.csv
s41597-024-04232-w,weakly_supported,0.5,unmatched,unit,True,lf_002,ecotox_raw,,github_github.com__j-adamczyk_ApisTox_dataset/ApisTox_dataset-master/raw_data/ecotox.csv
s41597-024-04232-w,supported,1.0,normalized_exact,name,False,lf_003,ppdb_raw,name,github_github.com__j-adamczyk_ApisTox_dataset/ApisTox_dataset-master/raw_data/ppdb.csv
s41597-024-04232-w,supported,1.0,normalized_exact,CAS,False,lf_003,ppdb_raw,CAS,github_github.com__j-adamczyk_ApisTox_dataset/ApisTox_dataset-master/raw_data/ppdb.csv
s41597-024-04232-w,supported,1.0,normalized_exact,SMILES,False,lf_003,ppdb_raw,SMILES,github_github.com__j-adamczyk_ApisTox_dataset/ApisTox_dataset-master/raw_data/ppdb.csv
s41597-024-04232-w,supported,1.0,normalized_exact,label,False,lf_003,ppdb_raw,label,github_github.com__j-adamczyk_ApisTox_dataset/ApisTox_dataset-master/raw_data/ppdb.csv
s41597-024-04232-w,supported,1.0,normalized_exact,CID,False,lf_003,ppdb_raw,CID,github_github.com__j-adamczyk_ApisTox_dataset/ApisTox_dataset-master/raw_data/ppdb.csv
s41597-024-04232-w,supported,1.0,normalized_exact,name,False,lf_004,bpdb_raw,name,github_github.com__j-adamczyk_ApisTox_dataset/ApisTox_dataset-master/raw_data/bpdb.csv
s41597-024-04232-w,supported,1.0,normalized_exact,CAS,False,lf_004,bpdb_raw,CAS,github_github.com__j-adamczyk_ApisTox_dataset/ApisTox_dataset-master/raw_data/bpdb.csv
s41597-024-04232-w,supported,1.0,normalized_exact,SMILES,False,lf_004,bpdb_raw,SMILES,github_github.com__j-adamczyk_ApisTox_dataset/ApisTox_dataset-master/raw_data/bpdb.csv
s41597-024-04232-w,supported,1.0,normalized_exact,label,False,lf_004,bpdb_raw,label,github_github.com__j-adamczyk_ApisTox_dataset/ApisTox_dataset-master/raw_data/bpdb.csv
s41597-024-04232-w,supported,1.0,normalized_exact,CID,False,lf_004,bpdb_raw,CID,github_github.com__j-adamczyk_ApisTox_dataset/ApisTox_dataset-master/raw_data/bpdb.csv
s41597-024-04232-w,partially_supported,1.0,normalized_exact,CAS,False,lf_005,ecotox_cleaned,CAS,github_github.com__j-adamczyk_ApisTox_dataset/ApisTox_dataset-master/outputs/ecotox_cleaned_data.csv
s41597-024-04232-w,partially_supported,1.0,normalized_exact,SMILES,False,lf_005,ecotox_cleaned,SMILES,github_github.com__j-adamczyk_ApisTox_dataset/ApisTox_dataset-master/outputs/ecotox_cleaned_data.csv
s41597-024-04232-w,partially_supported,0.4286,unmatched,LD50_oral,True,lf_005,ecotox_cleaned,,github_github.com__j-adamczyk_ApisTox_dataset/ApisTox_dataset-master/outputs/ecotox_cleaned_data.csv
s41597-024-04232-w,partially_supported,0.2667,unmatched,LD50_contact,True,lf_005,ecotox_cleaned,,github_github.com__j-adamczyk_ApisTox_dataset/ApisTox_dataset-master/outputs/ecotox_cleaned_data.csv
s41597-024-04232-w,partially_supported,1.0,normalized_exact,label,False,lf_005,ecotox_cleaned,label,github_github.com__j-adamczyk_ApisTox_dataset/ApisTox_dataset-master/outputs/ecotox_cleaned_data.csv
s41597-024-04232-w,weakly_supported,1.0,normalized_exact,CAS,False,lf_006,excluded_data,CAS,github_github.com__j-adamczyk_ApisTox_dataset/ApisTox_dataset-master/outputs/excluded_data.csv
s41597-024-04232-w,weakly_supported,0.5455,unmatched,reason,True,lf_006,excluded_data,,github_github.com__j-adamczyk_ApisTox_dataset/ApisTox_dataset-master/outputs/excluded_data.csv
s41597-024-04232-w,weakly_supported,0.4211,unmatched,source,True,lf_006,excluded_data,,github_github.com__j-adamczyk_ApisTox_dataset/ApisTox_dataset-master/outputs/excluded_data.csv
s41597-024-04232-w,weakly_supported,0.3333,unmatched,original_value,True,lf_006,excluded_data,,github_github.com__j-adamczyk_ApisTox_dataset/ApisTox_dataset-master/outputs/excluded_data.csv
s41597-024-04232-w,weakly_supported,0.3529,unmatched,step,True,lf_006,excluded_data,,github_github.com__j-adamczyk_ApisTox_dataset/ApisTox_dataset-master/outputs/excluded_data.csv
s41597-024-04232-w,not_supported,0.3333,unmatched,MW,True,lf_008,molecular_properties,,github_github.com__j-adamczyk_ApisTox_dataset/ApisTox_dataset-master/outputs/dataset_final.csv
s41597-024-04232-w,not_supported,0.2353,unmatched,logP,True,lf_008,molecular_properties,,github_github.com__j-adamczyk_ApisTox_dataset/ApisTox_dataset-master/outputs/dataset_final.csv
s41597-024-04232-w,not_supported,0.2857,unmatched,TPSA,True,lf_008,molecular_properties,,github_github.com__j-adamczyk_ApisTox_dataset/ApisTox_dataset-master/outputs/dataset_final.csv
s41597-024-04232-w,not_supported,0.3333,unmatched,HBA,True,lf_008,molecular_properties,,github_github.com__j-adamczyk_ApisTox_dataset/ApisTox_dataset-master/outputs/dataset_final.csv
s41597-024-04232-w,not_supported,0.5,unmatched,HBD,True,lf_008,molecular_properties,,github_github.com__j-adamczyk_ApisTox_dataset/ApisTox_dataset-master/outputs/dataset_final.csv
s41597-022-01543-8,supported,1.0,normalized_exact,ID,False,lf_001,primary_data,ID,github_github.com__amel-github_sars-ani/sars-ani-main/sars_ani_data.csv
s41597-022-01543-8,supported,1.0,normalized_exact,date_confirmed,False,lf_001,primary_data,date_confirmed,github_github.com__amel-github_sars-ani/sars-ani-main/sars_ani_data.csv
s41597-022-01543-8,supported,1.0,normalized_exact,country_name,False,lf_001,primary_data,country_name,github_github.com__amel-github_sars-ani/sars-ani-main/sars_ani_data.csv
s41597-022-01543-8,supported,1.0,normalized_exact,host_com_res,False,lf_001,primary_data,host_com_res,github_github.com__amel-github_sars-ani/sars-ani-main/sars_ani_data.csv
s41597-022-01543-8,supported,1.0,normalized_exact,number_cases,False,lf_001,primary_data,number_cases,github_github.com__amel-github_sars-ani/sars-ani-main/sars_ani_data.csv
s41597-022-01543-8,partially_supported,0.4138,unmatched,report_id,True,lf_005,excluded_reports_log,,github_github.com__amel-github_sars-ani/sars-ani-main/sars_ani_excluded_rep.xlsx
s41597-022-01543-8,partially_supported,0.8889,fuzzy_name_high,reason_exclusion,False,lf_005,excluded_reports_log,reason_for_exclusion,github_github.com__amel-github_sars-ani/sars-ani-main/sars_ani_excluded_rep.xlsx
s41597-023-02724-9,supported,1.0,normalized_exact,Full Name,False,lf_003,contributors_list,Full name,github_github.com__balsedie_trilomorph/trilomorph-main/contributors.csv
s41597-023-02724-9,supported,1.0,normalized_exact,enterer ID,False,lf_003,contributors_list,enterer ID,github_github.com__balsedie_trilomorph/trilomorph-main/contributors.csv
s41597-023-02724-9,supported,0.7692,fuzzy_name_low,ORCID ID,False,lf_003,contributors_list,ORCID,github_github.com__balsedie_trilomorph/trilomorph-main/contributors.csv
s41597-023-02724-9,supported,0.3333,semantic_token_overlap,Affiliation,True,lf_003,contributors_list,Institution,github_github.com__balsedie_trilomorph/trilomorph-main/contributors.csv
s41597-023-02724-9,supported,1.0,normalized_exact,github username,False,lf_003,contributors_list,github username,github_github.com__balsedie_trilomorph/trilomorph-main/contributors.csv
s41597-024-03190-7,weakly_supported,0.4,unmatched,record_id,True,lf_003,structure_type_classification_output,,github_github.com__TomerFishman_MaterialIntensityEstimator/MaterialIntensityEstimator-main/data_input_and_ml_processing/buildings_v2-structure_type_ML.xlsx
s41597-024-03190-7,weakly_supported,0.6087,unmatched,predicted_structure_type,True,lf_003,structure_type_classification_output,,github_github.com__TomerFishman_MaterialIntensityEstimator/MaterialIntensityEstimator-main/data_input_and_ml_processing/buildings_v2-structure_type_ML.xlsx
s41597-024-03190-7,weakly_supported,0.8421,fuzzy_name_low,concrete_mi,False,lf_003,structure_type_classification_output,concrete,github_github.com__TomerFishman_MaterialIntensityEstimator/MaterialIntensityEstimator-main/data_input_and_ml_processing/buildings_v2-structure_type_ML.xlsx
s41597-024-03190-7,weakly_supported,0.7692,fuzzy_name_low,steel_mi,False,lf_003,structure_type_classification_output,steel,github_github.com__TomerFishman_MaterialIntensityEstimator/MaterialIntensityEstimator-main/data_input_and_ml_processing/buildings_v2-structure_type_ML.xlsx
s41597-024-03190-7,weakly_supported,0.5,unmatched,confidence_score,True,lf_003,structure_type_classification_output,,github_github.com__TomerFishman_MaterialIntensityEstimator/MaterialIntensityEstimator-main/data_input_and_ml_processing/buildings_v2-structure_type_ML.xlsx
s41597-025-04696-4,supported,1.0,normalized_exact,zodID,False,lf_001,primary_occurrence_data,zodID,github_github.com__kalab-oto_zoraptera-occurrence-dataset/zoraptera-occurrence-dataset-main/zoraptera_occs.csv
s41597-025-04696-4,supported,1.0,normalized_exact,scientificName,False,lf_001,primary_occurrence_data,scientificName,github_github.com__kalab-oto_zoraptera-occurrence-dataset/zoraptera-occurrence-dataset-main/zoraptera_occs.csv
s41597-025-04696-4,supported,1.0,normalized_exact,decimalLatitude,False,lf_001,primary_occurrence_data,decimalLatitude,github_github.com__kalab-oto_zoraptera-occurrence-dataset/zoraptera-occurrence-dataset-main/zoraptera_occs.csv
s41597-025-04696-4,supported,1.0,normalized_exact,decimalLongitude,False,lf_001,primary_occurrence_data,decimalLongitude,github_github.com__kalab-oto_zoraptera-occurrence-dataset/zoraptera-occurrence-dataset-main/zoraptera_occs.csv
s41597-025-04696-4,supported,1.0,normalized_exact,coordinateUncertaintyInMeters,False,lf_001,primary_occurrence_data,coordinateUncertaintyInMeters,github_github.com__kalab-oto_zoraptera-occurrence-dataset/zoraptera-occurrence-dataset-main/zoraptera_occs.csv
